E_vent_J,E_mus_J,E_tot_J,E1_tot_J,E2_tot_J,MP_vent_Jmin,MP_mus_Jmin,MP_tot_Jmin,REF1,REF2,EII,ECF,HBR,VT1_L,VT2_L,VT_total_L,Flow1_peak_Ls,Flow2_peak_Ls,Flow_total_peak_Ls,Pdist_peak_cmH2O,C1_L_cmH2O,R1_cmH2O_s_L,C2_L_cmH2O,R2_cmH2O_s_L,PEEP_cmH2O,PS_cmH2O,RR_bpm,Ti_s,Energy_balance_error_J,Partition_balance_error,phenotype,Pmus_peak_cmH2O,Tmus_s,Pmus_onset_s
0.2485049787030424,0.0,0.2485049787030424,0.09361884045857832,0.15488613824446407,4.473089616654763,0.0,4.473089616654763,0.37672822873480794,0.6232717712651921,0.24654354253038416,0.0,1.0,0.1912555050166022,0.3162578386147169,0.5075133436313191,0.625,0.625,1.25,5.0,0.04,8.0,0.08,8.0,5.0,5.0,18.0,1.0,0.0,0.0,compliance_dominant,0.0,0.6,0.0
0.2485049787030424,0.0,0.2485049787030424,0.09361884045857832,0.15488613824446407,4.473089616654763,0.0,4.473089616654763,0.37672822873480794,0.6232717712651921,0.24654354253038416,0.0,1.0,0.1912555050166022,0.3162578386147169,0.5075133436313191,0.625,0.625,1.25,5.0,0.04,8.0,0.08,8.0,5.0,5.0,18.0,1.0,0.0,0.0,compliance_dominant,0.0,1.0,0.0
0.2485049787030424,0.0,0.2485049787030424,0.09361884045857832,0.15488613824446407,4.473089616654763,0.0,4.473089616654763,0.37672822873480794,0.6232717712651921,0.24654354253038416,0.0,1.0,0.1912555050166022,0.3162578386147169,0.5075133436313191,0.625,0.625,1.25,5.0,0.04,8.0,0.08,8.0,5.0,5.0,18.0,1.0,0.0,0.0,compliance_dominant,0.0,1.4,0.0
0.28113009789364335,0.1142406266078829,0.3953707245015262,0.14854517891391927,0.24682554558760697,5.060341762085581,2.056331278941892,7.116673041027472,0.37571112302561455,0.6242888769743855,0.24857775394877096,0.2889455883510715,1.4063621343421655,0.20870499565911563,0.36527936564900326,0.5739843613081189,0.6251308977799827,0.7332580960664384,1.3315271508736255,8.0,0.04,8.0,0.08,8.0,5.0,5.0,18.0,1.0,0.0,0.0,compliance_dominant,3.0,0.6,0.0
0.3361678614636069,0.13655734288245044,0.47272520434605736,0.17359468179395804,0.29913052255209926,6.051021506344924,2.458032171884108,8.509053678229032,0.3672211259268471,0.6327788740731528,0.2655577481463058,0.28887256619066154,1.4062177219675533,0.25397641867390625,0.4321316547459189,0.6861080734198252,0.625,0.6463151486927897,1.25,8.0,0.04,8.0,0.08,8.0,5.0,5.0,18.0,1.0,0.0,1.1102230246251565e-16,compliance_dominant,3.0,1.0,0.0
0.37351108821495377,0.14197203619037363,0.5154831244053275,0.19205658803905593,0.32342653636627156,6.723199587869168,2.555496651426725,9.278696239295895,0.37257589811619257,0.6274241018838074,0.2548482037676148,0.27541548785744563,1.3801012625056783,0.2911464789470833,0.4713248741472159,0.7624713530942993,0.625,0.625,1.25,8.0,0.04,8.0,0.08,8.0,5.0,5.0,18.0,1.0,1.1102230246251565e-16,0.0,compliance_dominant,3.0,1.4,0.0
0.313755217084244,0.3075883960885731,0.621343613172817,0.23652815409205363,0.3848154590807635,5.6475939075163915,5.536591129594315,11.184185037110707,0.38067206144479515,0.619327938555205,0.2386558771104098,0.4950375115596821,1.9803451204637177,0.22615448630162932,0.4143008926832893,0.6404553789849186,0.8112055209812534,1.0104364644576485,1.8086457591304357,11.0,0.04,8.0,0.08,8.0,5.0,5.0,18.0,1.0,0.0,0.0,compliance_dominant,6.0,0.6,0.0
0.4238307442241719,0.37145768262381845,0.7952884268479905,0.29060220631718003,0.5046862205308104,7.628953396035094,6.686238287228732,14.31519168326383,0.3654047971865244,0.6345952028134755,0.269190405626951,0.46707291352904085,1.8764293003419967,0.3166973323312102,0.5480054708771203,0.8647028032083305,0.6619045604065801,0.8664083927250663,1.5035511077430894,11.0,0.04,8.0,0.08,8.0,5.0,5.0,18.0,1.0,2.220446049250313e-16,1.1102230246251565e-16,compliance_dominant,6.0,1.0,0.0
0.4985171977268654,0.40132738720559713,0.8998445849324627,0.33491061831475655,0.5649339666177061,8.973309559083578,7.223892969700748,16.197202528784327,0.3721871797893778,0.6278128202106221,0.25562564042124436,0.4459963352846298,1.8050422112528242,0.39103745287756353,0.626391909679714,1.0174293625572775,0.625,0.7641072503953341,1.3123750062214483,11.0,0.04,8.0,0.08,8.0,5.0,5.0,18.0,1.0,1.1102230246251565e-16,0.0,compliance_dominant,6.0,1.4,0.0
0.3463803362748453,0.5800433084420705,0.9264236447169157,0.35756776599298234,0.5688558787239334,6.234846052947216,10.44077955195727,16.675625604904482,0.38596571669135576,0.6140342833086442,0.22806856661728844,0.6261102161520419,2.674584979852374,0.24360397694414268,0.4633224197175753,0.706926396661718,1.037545084512467,1.2965299255362863,2.320716431496118,14.0,0.04,8.0,0.08,8.0,5.0,5.0,18.0,1.0,1.1102230246251565e-16,0.0,compliance_dominant,9.0,0.6,0.0
0.511493626984737,0.7047010192241042,1.2161946462088413,0.444641414028244,0.7715532321805972,9.206885285725265,12.684618346033876,21.891503631759143,0.3656005355839163,0.6343994644160836,0.2687989288321673,0.5794311144361797,2.3777317683864956,0.37941824598851426,0.6638792870083213,1.0432975329968355,0.8268621247242501,1.1104835208233774,1.9170868394886573,14.0,0.04,8.0,0.08,8.0,5.0,5.0,18.0,1.0,0.0,0.0,compliance_dominant,9.0,1.0,0.0
0.623523307238777,0.7780660530456703,1.4015893602844474,0.5221809312856796,0.8794084289987678,11.223419530297987,14.005188954822065,25.228608485120052,0.37256342412566895,0.6274365758743311,0.25487315174866215,0.5551312496320354,2.2478540000233087,0.4909284268080444,0.7814589452122128,1.2723873720202572,0.697413612829034,0.973937363745316,1.6439684108005095,14.0,0.04,8.0,0.08,8.0,5.0,5.0,18.0,1.0,0.0,0.0,compliance_dominant,9.0,1.4,0.0
0.37900545546544706,0.9316053636683757,1.3106108191338226,0.5116640146167047,0.798946804517118,6.822098198378047,16.76889654603076,23.590994744408807,0.39040118328556256,0.6095988167144375,0.219197633428875,0.7108176966554188,3.458026263828563,0.2610534675866558,0.5123439467518603,0.7733974143385162,1.2698086167805696,1.5846311984743178,2.8396477830056295,17.0,0.04,8.0,0.08,8.0,5.0,5.0,18.0,1.0,0.0,0.0,compliance_dominant,12.0,0.6,0.0
0.5991565097453017,1.1362873526833068,1.7354438624286088,0.6357123049271486,1.0997315575014603,10.78481717541543,20.453172348299525,31.23798952371496,0.36631107389294765,0.6336889261070524,0.26737785221410476,0.6547531598591542,2.8964783561582883,0.4421391596458181,0.7797531031395233,1.2218922627853415,1.008183545117066,1.3589817413661591,2.345884311755869,17.0,0.04,8.0,0.08,8.0,5.0,5.0,18.0,1.0,2.220446049250313e-16,0.0,compliance_dominant,12.0,1.0,0.0
0.7485294167506881,1.272188033710592,2.0207174504612797,0.7538675269518239,1.266849923509456,13.473529501512385,22.899384606790655,36.372914108303036,0.3730692417090448,0.6269307582909552,0.2538615165819105,0.6295724488449302,2.6995832164259728,0.5908194007385252,0.936525980744713,1.5273453814832383,0.840441034972733,1.1914648438460316,2.0064431805007974,17.0,0.04,8.0,0.08,8.0,5.0,5.0,18.0,1.0,4.440892098500626e-16,0.0,compliance_dominant,12.0,1.4,0.0
0.9940199148121696,0.0,0.9940199148121696,0.3744753618343133,0.6195445529778563,17.89235846661905,0.0,17.89235846661905,0.37672822873480794,0.6232717712651921,0.24654354253038416,0.0,1.0,0.3825110100332044,0.6325156772294338,1.0150266872626381,1.25,1.25,2.5,10.0,0.04,8.0,0.08,8.0,5.0,10.0,18.0,1.0,0.0,0.0,compliance_dominant,0.0,0.6,0.0
0.9940199148121696,0.0,0.9940199148121696,0.3744753618343133,0.6195445529778563,17.89235846661905,0.0,17.89235846661905,0.37672822873480794,0.6232717712651921,0.24654354253038416,0.0,1.0,0.3825110100332044,0.6325156772294338,1.0150266872626381,1.25,1.25,2.5,10.0,0.04,8.0,0.08,8.0,5.0,10.0,18.0,1.0,0.0,0.0,compliance_dominant,0.0,1.0,0.0
0.9940199148121696,0.0,0.9940199148121696,0.3744753618343133,0.6195445529778563,17.89235846661905,0.0,17.89235846661905,0.37672822873480794,0.6232717712651921,0.24654354253038416,0.0,1.0,0.3825110100332044,0.6325156772294338,1.0150266872626381,1.25,1.25,2.5,10.0,0.04,8.0,0.08,8.0,5.0,10.0,18.0,1.0,0.0,0.0,compliance_dominant,0.0,1.4,0.0
1.059270153193371,0.18892768177936214,1.2481978349727332,0.46779972038359896,0.7803981145891342,19.066862757480678,3.4006982720285186,22.4675610295092,0.3747801087908617,0.6252198912091383,0.25043978241827664,0.15136036651072163,1.1783564666764224,0.3999605006757176,0.6815372042637207,1.0814977049394383,1.25,1.2501331924226842,2.5,13.0,0.04,8.0,0.08,8.0,5.0,10.0,18.0,1.0,0.0,0.0,compliance_dominant,3.0,0.6,0.0
1.169345680333298,0.22394318733544216,1.3932888676687403,0.515911202911152,0.8773776647575883,21.048222245999362,4.030977372037959,25.079199618037325,0.37028301516136986,0.6297169848386301,0.2594339696772603,0.16072990499819703,1.191511535982766,0.44523192369050835,0.748389493360636,1.1936214170511443,1.25,1.25,2.5,13.0,0.04,8.0,0.08,8.0,5.0,10.0,18.0,1.0,2.220446049250313e-16,0.0,compliance_dominant,3.0,1.0,0.0
1.2440321338359912,0.22525241496832216,1.4692845488043134,0.5491427156476564,0.920141833156657,22.392578409047843,4.054543469429799,26.447121878477642,0.37374837712309866,0.6262516228769013,0.2525032457538027,0.15330755036635343,1.1810663959891077,0.4824019839636855,0.7875827127619331,1.2699846967256185,1.25,1.25,2.5,13.0,0.04,8.0,0.08,8.0,5.0,10.0,18.0,1.0,0.0,0.0,compliance_dominant,3.0,1.4,0.0
1.1245203915745734,0.4569625064315316,1.5814828980061049,0.5941807156556771,0.9873021823504279,20.241367048342322,8.225325115767568,28.466692164109887,0.37571112302561455,0.6242888769743855,0.24857775394877096,0.2889455883510715,1.4063621343421655,0.41740999131823125,0.7305587312980065,1.1479687226162378,1.2502617955599653,1.4665161921328769,2.663054301747251,16.0,0.04,8.0,0.08,8.0,5.0,10.0,18.0,1.0,0.0,0.0,compliance_dominant,6.0,0.6,0.0
1.3446714458544275,0.5462293715298018,1.8909008173842294,0.6943787271758322,1.196522090208397,24.204086025379695,9.832128687536432,34.03621471291613,0.3672211259268471,0.6327788740731528,0.2655577481463058,0.28887256619066154,1.4062177219675533,0.5079528373478125,0.8642633094918378,1.3722161468396503,1.25,1.2926302973855794,2.5,16.0,0.04,8.0,0.08,8.0,5.0,10.0,18.0,1.0,0.0,1.1102230246251565e-16,compliance_dominant,6.0,1.0,0.0
1.494044352859815,0.5678881447614945,2.06193249762131,0.7682263521562237,1.2937061454650862,26.89279835147667,10.2219866057069,37.11478495718358,0.37257589811619257,0.6274241018838074,0.2548482037676148,0.27541548785744563,1.3801012625056783,0.5822929578941666,0.9426497482944318,1.5249427061885985,1.25,1.25,2.5,16.0,0.04,8.0,0.08,8.0,5.0,10.0,18.0,1.0,4.440892098500626e-16,0.0,compliance_dominant,6.0,1.4,0.0
1.1897706299557755,0.8041044739565087,1.9938751039122842,0.7536183476505504,1.2402567562617337,21.41587133920396,14.473880531217157,35.889751870421115,0.37796667713631477,0.6220333228636852,0.2440666457273704,0.4032872833302017,1.6758483137093387,0.43485948196074475,0.7795802583322924,1.2144397402930371,1.410596810041267,1.7390145004482909,3.120632879972348,19.0,0.04,8.0,0.08,8.0,5.0,10.0,18.0,1.0,0.0,0.0,compliance_dominant,9.0,0.6,0.0
1.519997211375558,0.9668585525830794,2.4868557639586375,0.9098779346283568,1.5769778293302803,27.359949804760042,17.40345394649543,44.763403751255474,0.365874831912242,0.6341251680877578,0.26825033617551575,0.3887875471490998,1.6360923200037307,0.5706737510051159,0.9801371256230388,1.5508108766281548,1.25,1.4989103689637773,2.6366754077160266,19.0,0.04,8.0,0.08,8.0,5.0,10.0,18.0,1.0,0.0,2.220446049250313e-16,compliance_dominant,9.0,1.0,0.0
1.7440565718836378,1.0279071893795162,2.771963761263154,1.0317262713600128,1.7402374899031412,31.39301829390548,18.50232940883129,49.89534770273677,0.37220049041689723,0.6277995095831028,0.25559901916620564,0.37082273720314074,1.5893772059637623,0.6821839318246465,1.097716783826931,1.7799007156515776,1.25,1.3390162313921583,2.5,19.0,0.04,8.0,0.08,8.0,5.0,10.0,18.0,1.0,4.440892098500626e-16,0.0,compliance_dominant,9.0,1.4,0.0
1.255020868336976,1.2303535843542923,2.485374452691268,0.9461126163682145,1.539261836323054,22.590375630065566,22.14636451837726,44.73674014844283,0.38067206144479515,0.619327938555205,0.2386558771104098,0.4950375115596821,1.9803451204637177,0.45230897260325864,0.8286017853665786,1.280910757969837,1.6224110419625069,2.020872928915297,3.6172915182608714,22.0,0.04,8.0,0.08,8.0,5.0,10.0,18.0,1.0,0.0,0.0,compliance_dominant,12.0,0.6,0.0
1.6953229768966875,1.4858307304952738,3.181153707391962,1.1624088252687201,2.0187448821232414,30.515813584140375,26.744953148914927,57.26076673305532,0.3654047971865244,0.6345952028134755,0.269190405626951,0.46707291352904085,1.8764293003419967,0.6333946646624204,1.0960109417542405,1.729405606416661,1.3238091208131602,1.7328167854501326,3.007102215486179,22.0,0.04,8.0,0.08,8.0,5.0,10.0,18.0,1.0,8.881784197001252e-16,1.1102230246251565e-16,compliance_dominant,12.0,1.0,0.0
1.9940687909074617,1.6053095488223885,3.5993783397298507,1.3396424732590262,2.2597358664708245,35.89323823633431,28.895571878802993,64.78881011513731,0.3721871797893778,0.6278128202106221,0.25562564042124436,0.4459963352846298,1.8050422112528242,0.7820749057551271,1.252783819359428,2.034858725114555,1.25,1.5282145007906682,2.6247500124428966,22.0,0.04,8.0,0.08,8.0,5.0,10.0,18.0,1.0,4.440892098500626e-16,0.0,compliance_dominant,12.0,1.4,0.0
2.2365448083273822,0.0,2.2365448083273822,0.842569564127206,1.3939752442001763,40.25780654989288,0.0,40.25780654989288,0.37672822873480827,0.6232717712651917,0.24654354253038346,0.0,1.0,0.5737665150498065,0.9487735158441509,1.5225400308939574,1.875,1.875,3.75,15.0,0.04,8.0,0.08,8.0,5.0,15.0,18.0,1.0,0.0,0.0,compliance_dominant,0.0,0.6,0.0
2.2365448083273822,0.0,2.2365448083273822,0.842569564127206,1.3939752442001763,40.25780654989288,0.0,40.25780654989288,0.37672822873480827,0.6232717712651917,0.24654354253038346,0.0,1.0,0.5737665150498065,0.9487735158441509,1.5225400308939574,1.875,1.875,3.75,15.0,0.04,8.0,0.08,8.0,5.0,15.0,18.0,1.0,0.0,0.0,compliance_dominant,0.0,1.0,0.0
2.2365448083273822,0.0,2.2365448083273822,0.842569564127206,1.3939752442001763,40.25780654989288,0.0,40.25780654989288,0.37672822873480827,0.6232717712651917,0.24654354253038346,0.0,1.0,0.5737665150498065,0.9487735158441509,1.5225400308939574,1.875,1.875,3.75,15.0,0.04,8.0,0.08,8.0,5.0,15.0,18.0,1.0,0.0,0.0,compliance_dominant,0.0,1.4,0.0
2.3344201658991834,0.2636147369508414,2.598034902850025,0.9742919427704335,1.623742960079591,42.0195629861853,4.745065265115145,46.76462825130045,0.37501110616398664,0.6249888938360131,0.24997778767202644,0.10146697285000213,1.112925145525078,0.5912160056923201,0.9977950428784378,1.5890110485707578,1.875,1.875,3.75,18.0,0.04,8.0,0.08,8.0,5.0,15.0,18.0,1.0,4.440892098500626e-16,2.220446049250313e-16,compliance_dominant,3.0,0.6,0.0
2.4995334566090723,0.3113290317884337,2.810862488397506,1.0454654049455012,1.7653970834520054,44.9916022189633,5.603922572191807,50.595524791155114,0.37193758473098726,0.6280624152690129,0.2561248305380256,0.11075925381391556,1.1245548568134753,0.6364874287071113,1.0646473319753527,1.7011347606824638,1.875,1.875,3.75,18.0,0.04,8.0,0.08,8.0,5.0,15.0,18.0,1.0,0.0,0.0,compliance_dominant,3.0,1.0,0.0
2.6115631368631145,0.3085327937462711,2.9200959306093854,1.0934665241734138,1.8266294064359716,47.00813646353606,5.553590287432879,52.56172675096894,0.3744625348473472,0.6255374651526527,0.25107493030530553,0.10565844447510474,1.1181410433434382,0.6736574889802878,1.1038405513766485,1.7774980403569363,1.875,1.875,3.75,18.0,0.04,8.0,0.08,8.0,5.0,15.0,18.0,1.0,0.0,0.0,compliance_dominant,3.0,1.4,0.0
2.4322955234709873,0.6063366167744904,3.0386321402454772,1.1390709581364582,1.8995611821090195,43.78131942247777,10.914059101940826,54.69537852441859,0.3748630652094787,0.6251369347905215,0.2502738695810427,0.19954261943846457,1.2492857512269817,0.6086654963348334,1.0468165699127223,1.6554820662475556,1.875,1.9557605300405854,3.75,21.0,0.04,8.0,0.08,8.0,5.0,15.0,18.0,1.0,4.440892098500626e-16,2.220446049250313e-16,compliance_dominant,6.0,0.6,0.0
2.7625221048907695,0.7210010604357857,3.483523165326556,1.2853929289516441,2.1981302363749116,49.725397888033854,12.978019087844142,62.70341697587801,0.3689922150499457,0.6310077849500542,0.2620155699001085,0.2069746708195629,1.2609937705690484,0.6992083423644144,1.1805211481065536,1.879729490470968,1.875,1.875,3.75,21.0,0.04,8.0,0.08,8.0,5.0,15.0,18.0,1.0,8.881784197001252e-16,1.1102230246251565e-16,compliance_dominant,6.0,1.0,0.0
2.9865814653988494,0.734448902317392,3.7210303677162413,1.3887797669148474,2.332250600801394,53.75846637717929,13.220080241713056,66.97854661889234,0.37322451839252313,0.626775481607477,0.2535509632149538,0.1973778307990954,1.2459162459910693,0.7735484629107683,1.25890758690915,2.0324560498199182,1.875,1.875,3.75,21.0,0.04,8.0,0.08,8.0,5.0,15.0,18.0,1.0,0.0,0.0,compliance_dominant,6.0,1.4,0.0
2.530170881042789,1.028165639470946,3.558336520513736,1.3369066102252738,2.2214299102884616,45.5430758587702,18.506981510477026,64.05005736924724,0.37571112302561466,0.6242888769743852,0.24857775394877057,0.2889455883510715,1.4063621343421662,0.6261149869773466,1.0958380969470098,1.7219530839243564,1.8753926933399478,2.1997742881993148,3.994581452620877,24.0,0.04,8.0,0.08,8.0,5.0,15.0,18.0,1.0,8.881784197001252e-16,2.220446049250313e-16,compliance_dominant,9.0,0.6,0.0
3.025510753172464,1.2290160859420547,4.2545268391145195,1.5623521361456245,2.6921747029688943,54.459193557104356,22.122289546956985,76.58148310406135,0.3672211259268473,0.6327788740731526,0.2655577481463053,0.2888725661906615,1.4062177219675533,0.761929256021719,1.2963949642377552,2.0583242202594745,1.875,1.9389454460783697,3.75,24.0,0.04,8.0,0.08,8.0,5.0,15.0,18.0,1.0,8.881784197001252e-16,1.1102230246251565e-16,compliance_dominant,9.0,1.0,0.0
3.3615997939345843,1.2777483257133626,4.639348119647947,1.728509292351504,2.910838827296443,60.50879629082252,22.999469862840527,83.50826615366304,0.3725758981161928,0.6274241018838073,0.25484820376761447,0.2754154878574457,1.380101262505678,0.8734394368412487,1.413974622441647,2.2874140592828955,1.875,1.875,3.75,24.0,0.04,8.0,0.08,8.0,5.0,15.0,18.0,1.0,0.0,0.0,compliance_dominant,9.0,1.4,0.0
2.628046238614595,1.52910180504021,4.157148043654805,1.5677988990368872,2.5893491446179184,47.30483229506271,27.52383249072378,74.8286647857865,0.3771332852650921,0.622866714734908,0.24573342946981588,0.36782471756668117,1.5818397646786817,0.64356447761986,1.1448596239812945,1.7884241016011546,2.0193441097496407,2.4698427746995226,4.441402204472179,27.0,0.04,8.0,0.08,8.0,5.0,15.0,18.0,1.0,0.0,0.0,compliance_dominant,12.0,0.6,0.0
3.2884994014541573,1.8353741083072401,5.123873509761397,1.8763430265274454,3.247530483233952,59.19298922617483,33.03673394953032,92.22972317570515,0.3661962035075337,0.6338037964924664,0.26760759298493275,0.3582005107680162,1.5581190337135675,0.8246501696790234,1.4122687803689569,2.23691895004798,1.875,2.1373964482809304,3.805796272970824,27.0,0.04,8.0,0.08,8.0,5.0,15.0,18.0,1.0,0.0,0.0,compliance_dominant,12.0,1.0,0.0
3.7366181224703197,1.9384310639341829,5.675049186404502,2.1126551004833822,3.5623940859211203,67.25912620446576,34.89175915081529,102.15088535528103,0.3722707999684988,0.6277292000315012,0.25545840006300247,0.3415707952942519,1.5187661678022006,0.9733304107717291,1.5690416579741475,2.542372068745877,1.875,1.9293033558780137,3.75,27.0,0.04,8.0,0.08,8.0,5.0,15.0,18.0,1.0,0.0,0.0,compliance_dominant,12.0,1.4,0.0
0.17106190958081038,0.0,0.17106190958081038,0.09361884045857832,0.07744306912223203,3.079114372454587,0.0,3.079114372454587,0.5472804593845153,0.4527195406154846,0.09456091876903072,0.0,1.0,0.1912555050166022,0.15812891930735845,0.34938442432396066,0.625,0.3125,0.9375,5.0,0.04,8.0,0.04,16.0,5.0,5.0,18.0,1.0,0.0,1.1102230246251565e-16,resistance_dominant,0.0,0.6,0.0
0.17106190958081038,0.0,0.17106190958081038,0.09361884045857832,0.07744306912223203,3.079114372454587,0.0,3.079114372454587,0.5472804593845153,0.4527195406154846,0.09456091876903072,0.0,1.0,0.1912555050166022,0.15812891930735845,0.34938442432396066,0.625,0.3125,0.9375,5.0,0.04,8.0,0.04,16.0,5.0,5.0,18.0,1.0,0.0,1.1102230246251565e-16,resistance_dominant,0.0,1.0,0.0
0.17106190958081038,0.0,0.17106190958081038,0.09361884045857832,0.07744306912223203,3.079114372454587,0.0,3.079114372454587,0.5472804593845153,0.4527195406154846,0.09456091876903072,0.0,1.0,0.1912555050166022,0.15812891930735845,0.34938442432396066,0.625,0.3125,0.9375,5.0,0.04,8.0,0.04,16.0,5.0,5.0,18.0,1.0,0.0,1.1102230246251565e-16,resistance_dominant,0.0,1.4,0.0
0.1916592007315422,0.08029875097618058,0.2719579517077228,0.14854517891391927,0.12341277279380349,3.449865613167759,1.4453775175712504,4.8952431307390105,0.5462064189745147,0.45379358102548517,0.09241283794902953,0.2952616405291904,1.4189663249647766,0.20870499565911563,0.18263968282450163,0.39134467848361726,0.6251308977799827,0.3666290480332192,0.9719380680036831,8.0,0.04,8.0,0.04,16.0,5.0,5.0,18.0,1.0,5.551115123125783e-17,1.1102230246251565e-16,resistance_dominant,3.0,0.6,0.0
0.23029435925283817,0.09286558381716954,0.32315994307000767,0.17359468179395804,0.14956526127604963,4.145298466551087,1.6715805087090518,5.816878975260138,0.537178835176213,0.462821164823787,0.07435767035242608,0.2873672489695037,1.4032473227675246,0.25397641867390625,0.21606582737295946,0.47004224604686573,0.625,0.32315757434639486,0.9375,8.0,0.04,8.0,0.04,16.0,5.0,5.0,18.0,1.0,5.551115123125783e-17,0.0,resistance_dominant,3.0,1.0,0.0
0.25805712839566775,0.09571272782652387,0.3537698562221917,0.19205658803905593,0.16171326818313578,4.64502831112202,1.7228291008774297,6.36785741199945,0.5428856774004828,0.4571143225995173,0.08577135480096547,0.2705508288597933,1.3708974381818733,0.2911464789470833,0.23566243707360796,0.5268089160206912,0.625,0.3125,0.9375,8.0,0.04,8.0,0.04,16.0,5.0,5.0,18.0,1.0,1.1102230246251565e-16,0.0,resistance_dominant,3.0,1.4,0.0
0.2122564918822738,0.21667939175016157,0.42893588363243534,0.23652815409205363,0.19240772954038174,3.8206168538809284,3.900229051502908,7.720845905383836,0.5514300927425784,0.4485699072574217,0.10286018548515671,0.5051556654929783,2.020837524584835,0.22615448630162932,0.20715044634164465,0.43330493264327397,0.8112055209812534,0.5052182322288242,1.3075502644383272,11.0,0.04,8.0,0.04,16.0,5.0,5.0,18.0,1.0,5.551115123125783e-17,0.0,resistance_dominant,6.0,0.6,0.0
0.28952680892486643,0.25341850765771873,0.5429453165825853,0.29060220631718003,0.2523431102654052,5.211482560647596,4.561533137838937,9.773015698486535,0.5352329183835546,0.46476708161644537,0.07046583676710914,0.46674775510135974,1.8752851198780771,0.3166973323312102,0.27400273543856013,0.5907000677697704,0.6619045604065801,0.43320419636253316,1.077471591642407,11.0,0.04,8.0,0.04,16.0,5.0,5.0,18.0,1.0,1.1102230246251565e-16,0.0,resistance_dominant,6.0,1.0,0.0
0.34505234721052547,0.27232525441308414,0.6173776016236096,0.33491061831475655,0.28246698330885306,6.210942249789459,4.901854579435515,11.112796829224973,0.5424729005943727,0.4575270994056274,0.08494580118874523,0.4410999908271858,1.7892288130036436,0.39103745287756353,0.313195954839857,0.7042334077174206,0.625,0.38205362519766706,0.9459756731525841,11.0,0.04,8.0,0.04,16.0,5.0,5.0,18.0,1.0,1.1102230246251565e-16,0.0,resistance_dominant,6.0,1.4,0.0
0.23285378303300597,0.40914192232194313,0.6419957053549491,0.35756776599298234,0.2844279393619667,4.191368094594107,7.364554601794977,11.555922696389084,0.5569628628516897,0.44303713714831017,0.11392572570337961,0.637296977081389,2.7570765524730563,0.24360397694414268,0.23166120985878766,0.47526518680293034,1.037545084512467,0.6482649627681432,1.6767410595258037,14.0,0.04,8.0,0.04,16.0,5.0,5.0,18.0,1.0,0.0,1.1102230246251565e-16,resistance_dominant,9.0,0.6,0.0
0.3487592585968948,0.4816587715216478,0.8304180301185426,0.444641414028244,0.3857766160902986,6.277666654744106,8.66985788738966,14.947524542133767,0.5354428708210625,0.4645571291789375,0.07088574164212495,0.5800196455908969,2.3810637557248677,0.37941824598851426,0.33193964350416066,0.7113578894926749,0.8268621247242501,0.5552417604116887,1.3680672883016844,14.0,0.04,8.0,0.04,16.0,5.0,5.0,18.0,1.0,0.0,0.0,resistance_dominant,9.0,1.0,0.0
0.43204756602538297,0.5298375797596804,0.9618851457850636,0.5221809312856796,0.4397042144993839,7.776856188456893,9.537076435674248,17.313932624131144,0.5428724350031314,0.4571275649968684,0.08574487000626303,0.5508324794092146,2.2263408509250864,0.4909284268080444,0.3907294726061064,0.8816578994141508,0.697413612829034,0.486968681872658,1.1647995225622458,14.0,0.04,8.0,0.04,16.0,5.0,5.0,18.0,1.0,2.220446049250313e-16,2.220446049250313e-16,resistance_dominant,9.0,1.4,0.0
0.25345107418373836,0.6576863426915254,0.9111374168752636,0.5116640146167047,0.399473402258559,4.56211933530729,11.838354168447456,16.400473503754746,0.5615662414254166,0.4384337585745835,0.12313248285083309,0.7218300231232451,3.5949242661908714,0.2610534675866558,0.2561719733759302,0.517225440962586,1.2698086167805696,0.7923155992371589,2.0521128787283947,17.0,0.04,8.0,0.04,16.0,5.0,5.0,18.0,1.0,1.1102230246251565e-16,0.0,resistance_dominant,12.0,0.6,0.0
0.4079917082689227,0.777586375408956,1.1855780836778786,0.6357123049271486,0.5498657787507302,7.343850748840609,13.996554757361208,21.340405506201815,0.5362045011451743,0.46379549885482585,0.07240900229034843,0.6558710776743965,2.905887692444032,0.4421391596458181,0.38987655156976164,0.8320157112155797,1.008183545117066,0.6794908706830796,1.6730289625930903,17.0,0.04,8.0,0.04,16.0,5.0,5.0,18.0,1.0,2.220446049250313e-16,0.0,resistance_dominant,12.0,1.0,0.0
0.5190427848402401,0.868249703866312,1.3872924887065519,0.7538675269518239,0.633424961754728,9.342770127124322,15.628494669593614,24.971264796717932,0.5434092183795326,0.4565907816204674,0.0868184367590652,0.6258591543848322,2.672790238541812,0.5908194007385252,0.4682629903723565,1.0590823911108818,0.840441034972733,0.5957324219230158,1.4183028523137509,17.0,0.04,8.0,0.04,16.0,5.0,5.0,18.0,1.0,2.220446049250313e-16,0.0,resistance_dominant,12.0,1.4,0.0
0.6842476383232415,0.0,0.6842476383232415,0.3744753618343133,0.30977227648892813,12.316457489818347,0.0,12.316457489818347,0.5472804593845153,0.4527195406154846,0.09456091876903072,0.0,1.0,0.3825110100332044,0.3162578386147169,0.6987688486479213,1.25,0.625,1.875,10.0,0.04,8.0,0.04,16.0,5.0,10.0,18.0,1.0,0.0,1.1102230246251565e-16,resistance_dominant,0.0,0.6,0.0
0.6842476383232415,0.0,0.6842476383232415,0.3744753618343133,0.30977227648892813,12.316457489818347,0.0,12.316457489818347,0.5472804593845153,0.4527195406154846,0.09456091876903072,0.0,1.0,0.3825110100332044,0.3162578386147169,0.6987688486479213,1.25,0.625,1.875,10.0,0.04,8.0,0.04,16.0,5.0,10.0,18.0,1.0,0.0,1.1102230246251565e-16,resistance_dominant,0.0,1.0,0.0
0.6842476383232415,0.0,0.6842476383232415,0.3744753618343133,0.30977227648892813,12.316457489818347,0.0,12.316457489818347,0.5472804593845153,0.4527195406154846,0.09456091876903072,0.0,1.0,0.3825110100332044,0.3162578386147169,0.6987688486479213,1.25,0.625,1.875,10.0,0.04,8.0,0.04,16.0,5.0,10.0,18.0,1.0,0.0,1.1102230246251565e-16,resistance_dominant,0.0,1.4,0.0
0.7254422206247051,0.13255655705346098,0.857998777678166,0.46779972038359896,0.3901990572945671,13.057959971244692,2.3860180269622977,15.443977998206988,0.5452218960608705,0.4547781039391296,0.09044379212174092,0.1544950418369742,1.1827251754651273,0.3999605006757176,0.34076860213186033,0.740729102807578,1.25,0.6250665962113421,1.875,13.0,0.04,8.0,0.04,16.0,5.0,10.0,18.0,1.0,1.1102230246251565e-16,0.0,resistance_dominant,3.0,0.6,0.0
0.8027125376672967,0.15188749762264933,0.9546000352899461,0.515911202911152,0.43868883237879414,14.44882567801134,2.733974957207688,17.182800635219028,0.5404475003549014,0.4595524996450987,0.0808950007098027,0.15911113765726576,1.189217796527806,0.44523192369050835,0.374194746680318,0.8194266703708264,1.25,0.625,1.875,13.0,0.04,8.0,0.04,16.0,5.0,10.0,18.0,1.0,1.1102230246251565e-16,0.0,resistance_dominant,3.0,1.0,0.0
0.8582380759529553,0.1509755562730295,1.0092136322259848,0.5491427156476564,0.4600709165783285,15.448285367153195,2.717560012914531,18.165845380067726,0.54412930831744,0.45587069168256006,0.08825861663487991,0.14959722248304194,1.1759133747420747,0.4824019839636855,0.3937913563809666,0.876193340344652,1.25,0.625,1.875,13.0,0.04,8.0,0.04,16.0,5.0,10.0,18.0,1.0,0.0,0.0,resistance_dominant,3.0,1.4,0.0
0.7666368029261688,0.32119500390472233,1.0878318068308912,0.5941807156556771,0.49365109117521394,13.799462452671037,5.781510070285002,19.580972522956042,0.5462064189745147,0.45379358102548517,0.09241283794902953,0.2952616405291904,1.4189663249647766,0.41740999131823125,0.36527936564900326,0.7826893569672345,1.2502617955599653,0.7332580960664384,1.9438761360073662,16.0,0.04,8.0,0.04,16.0,5.0,10.0,18.0,1.0,2.220446049250313e-16,1.1102230246251565e-16,resistance_dominant,6.0,0.6,0.0
0.9211774370113527,0.37146233526867817,1.2926397722800307,0.6943787271758322,0.5982610451041985,16.581193866204348,6.686322034836207,23.267515901040554,0.537178835176213,0.462821164823787,0.07435767035242608,0.2873672489695037,1.4032473227675246,0.5079528373478125,0.4321316547459189,0.9400844920937315,1.25,0.6463151486927897,1.875,16.0,0.04,8.0,0.04,16.0,5.0,10.0,18.0,1.0,2.220446049250313e-16,0.0,resistance_dominant,6.0,1.0,0.0
1.032228513582671,0.3828509113060955,1.4150794248887668,0.7682263521562237,0.6468530727325431,18.58011324448808,6.891316403509719,25.4714296479978,0.5428856774004828,0.4571143225995173,0.08577135480096547,0.2705508288597933,1.3708974381818733,0.5822929578941666,0.4713248741472159,1.0536178320413825,1.25,0.625,1.875,16.0,0.04,8.0,0.04,16.0,5.0,10.0,18.0,1.0,4.440892098500626e-16,0.0,resistance_dominant,6.0,1.4,0.0
0.8078313852276329,0.5659153405537845,1.3737467257814173,0.7536183476505504,0.6201283781308669,14.540964934097392,10.18647612996812,24.727441064065513,0.5485860919682088,0.4514139080317911,0.09717218393641774,0.41195027433596204,1.7005364620666716,0.43485948196074475,0.3897901291661462,0.824649611126891,1.410596810041267,0.8695072502241454,2.2601171966097287,19.0,0.04,8.0,0.04,16.0,5.0,10.0,18.0,1.0,0.0,0.0,resistance_dominant,9.0,0.6,0.0
1.03964233635541,0.6587245129380872,1.6983668492934971,0.9098779346283568,0.7884889146651402,18.71356205439738,11.85704123288557,30.57060328728295,0.5357369846254691,0.46426301537453074,0.07147396925093844,0.38785761345501396,1.6336068568035855,0.5706737510051159,0.4900685628115194,1.0607423138166352,1.25,0.7494551844818886,1.910771967093893,19.0,0.04,8.0,0.04,16.0,5.0,10.0,18.0,1.0,0.0,1.1102230246251565e-16,resistance_dominant,9.0,1.0,0.0
1.206218951212386,0.6956260650991976,1.901845016311584,1.0317262713600128,0.8701187449515706,21.711941121822946,12.521269171785557,34.233210293608515,0.5424870389075818,0.45751296109241785,0.08497407781516392,0.36576380258801877,1.5766996650152245,0.6821839318246465,0.5488583919134655,1.231042323738112,1.25,0.6695081156960792,1.875,19.0,0.04,8.0,0.04,16.0,5.0,10.0,18.0,1.0,6.661338147750939e-16,4.440892098500626e-16,resistance_dominant,9.0,1.4,0.0
0.8490259675290952,0.8667175670006463,1.7157435345297414,0.9461126163682145,0.769630918161527,15.282467415523714,15.600916206011632,30.883383621535344,0.5514300927425784,0.4485699072574217,0.10286018548515671,0.5051556654929783,2.020837524584835,0.45230897260325864,0.4143008926832893,0.8666098652865479,1.6224110419625069,1.0104364644576485,2.6151005288766545,22.0,0.04,8.0,0.04,16.0,5.0,10.0,18.0,1.0,2.220446049250313e-16,0.0,resistance_dominant,12.0,0.6,0.0
1.1581072356994657,1.013674030630875,2.171781266330341,1.1624088252687201,1.0093724410616207,20.845930242590384,18.24613255135575,39.09206279394614,0.5352329183835546,0.46476708161644537,0.07046583676710914,0.46674775510135974,1.8752851198780771,0.6333946646624204,0.5480054708771203,1.1814001355395407,1.3238091208131602,0.8664083927250663,2.154943183284814,22.0,0.04,8.0,0.04,16.0,5.0,10.0,18.0,1.0,4.440892098500626e-16,0.0,resistance_dominant,12.0,1.0,0.0
1.3802093888421019,1.0893010176523366,2.469510406494438,1.3396424732590262,1.1298679332354122,24.843768999157835,19.60741831774206,44.45118731689989,0.5424729005943727,0.4575270994056274,0.08494580118874523,0.4410999908271858,1.7892288130036436,0.7820749057551271,0.626391909679714,1.4084668154348412,1.25,0.7641072503953341,1.8919513463051683,22.0,0.04,8.0,0.04,16.0,5.0,10.0,18.0,1.0,4.440892098500626e-16,0.0,resistance_dominant,12.0,1.4,0.0
1.5395571862272939,0.0,1.5395571862272939,0.842569564127206,0.6969876221000881,27.71202935209129,0.0,27.71202935209129,0.5472804593845159,0.4527195406154843,0.0945609187690315,0.0,1.0,0.5737665150498065,0.47438675792207546,1.0481532729718819,1.875,0.9375,2.8125,15.0,0.04,8.0,0.04,16.0,5.0,15.0,18.0,1.0,0.0,2.220446049250313e-16,resistance_dominant,0.0,0.6,0.0
1.5395571862272939,0.0,1.5395571862272939,0.842569564127206,0.6969876221000881,27.71202935209129,0.0,27.71202935209129,0.5472804593845159,0.4527195406154843,0.0945609187690315,0.0,1.0,0.5737665150498065,0.47438675792207546,1.0481532729718819,1.875,0.9375,2.8125,15.0,0.04,8.0,0.04,16.0,5.0,15.0,18.0,1.0,0.0,2.220446049250313e-16,resistance_dominant,0.0,1.0,0.0
1.5395571862272939,0.0,1.5395571862272939,0.842569564127206,0.6969876221000881,27.71202935209129,0.0,27.71202935209129,0.5472804593845159,0.4527195406154843,0.0945609187690315,0.0,1.0,0.5737665150498065,0.47438675792207546,1.0481532729718819,1.875,0.9375,2.8125,15.0,0.04,8.0,0.04,16.0,5.0,15.0,18.0,1.0,0.0,2.220446049250313e-16,resistance_dominant,0.0,1.4,0.0
1.601349059679488,0.18481436313074132,1.786163422810229,0.9742919427704335,0.8118714800397955,28.824283074230785,3.3266585363533436,32.15094161058412,0.545466294028991,0.4545337059710089,0.0909325880579822,0.10347001890788184,1.1154116661908378,0.5912160056923201,0.4988975214392189,1.090113527131539,1.875,0.9375,2.8125,18.0,0.04,8.0,0.04,16.0,5.0,15.0,18.0,1.0,2.220446049250313e-16,0.0,resistance_dominant,3.0,0.6,0.0
1.7172545352433748,0.21090941142812902,1.9281639466715037,1.0454654049455012,0.8826985417260027,30.910581634380748,3.796369405706322,34.70695104008707,0.5422077343320508,0.45779226566794934,0.08441546866410146,0.1093835468670658,1.1228177926449547,0.6364874287071113,0.5323236659876763,1.1688110946947876,1.875,0.9375,2.8125,18.0,0.04,8.0,0.04,16.0,5.0,15.0,18.0,1.0,2.220446049250313e-16,2.220446049250313e-16,resistance_dominant,3.0,1.0,0.0
1.8005428426718642,0.20623838471953537,2.0067812273913996,1.0934665241734138,0.9133147032179858,32.409771168093556,3.7122909249516365,36.122062093045194,0.5448857649494774,0.4551142350505227,0.08977152989895469,0.10277073649309702,1.1145423368063232,0.6736574889802878,0.5519202756883242,1.225577764668612,1.875,0.9375,2.8125,18.0,0.04,8.0,0.04,16.0,5.0,15.0,18.0,1.0,0.0,0.0,resistance_dominant,3.0,1.4,0.0
1.663140933131685,0.42571061605928323,2.0888515491909683,1.1390709581364582,0.9497805910545097,29.936536796370333,7.662791089067098,37.59932788543743,0.5453096743890828,0.454690325610917,0.09061934877816587,0.20380127837431286,1.2559678543042485,0.6086654963348334,0.5234082849563612,1.1320737812911945,1.875,0.9778802650202927,2.8125,21.0,0.04,8.0,0.04,16.0,5.0,15.0,18.0,1.0,0.0,2.220446049250313e-16,resistance_dominant,6.0,0.6,0.0
1.8949518842594617,0.4895061628796382,2.3844580471390997,1.2853929289516441,1.0990651181874558,34.10913391667031,8.811110931833488,42.92024484850379,0.5390713124493314,0.46092868755066874,0.07814262489866267,0.2052903230849263,1.258321156830288,0.6992083423644144,0.5902605740532768,1.2894689164176913,1.875,0.9375,2.8125,21.0,0.04,8.0,0.04,16.0,5.0,15.0,18.0,1.0,4.440892098500626e-16,0.0,resistance_dominant,6.0,1.0,0.0
2.0615284991164367,0.49337656819910714,2.554905067315544,1.3887797669148474,1.166125300400697,37.10751298409586,8.880778227583928,45.988291211679794,0.5435739216620082,0.4564260783379919,0.08714784332401629,0.19310955013976358,1.239325611268807,0.7735484629107683,0.629453793454575,1.4030022563653433,1.875,0.9375,2.8125,21.0,0.04,8.0,0.04,16.0,5.0,15.0,18.0,1.0,0.0,2.220446049250313e-16,resistance_dominant,6.0,1.4,0.0
1.7249328065838794,0.7226887587856252,2.447621565369505,1.3369066102252738,1.1107149551442308,31.04879051850983,13.008397658141254,44.05718817665109,0.5462064189745149,0.453793581025485,0.09241283794902992,0.29526164052919046,1.4189663249647764,0.6261149869773466,0.5479190484735049,1.1740340354508514,1.8753926933399478,1.0998871440996574,2.915814204011049,24.0,0.04,8.0,0.04,16.0,5.0,15.0,18.0,1.0,0.0,0.0,resistance_dominant,9.0,0.6,0.0
2.072649233275545,0.8357902543545266,2.908439487630072,1.5623521361456245,1.3460873514844471,37.30768619895981,15.044224578381478,52.351910777341295,0.5371788351762132,0.46282116482378666,0.07435767035242659,0.28736724896950366,1.403247322767525,0.761929256021719,0.6481974821188776,1.4101267381405966,1.875,0.9694727230391849,2.8125,24.0,0.04,8.0,0.04,16.0,5.0,15.0,18.0,1.0,4.440892098500626e-16,1.1102230246251565e-16,resistance_dominant,9.0,1.0,0.0
2.32251415556101,0.8614145504387152,3.183928705999725,1.728509292351504,1.4554194136482215,41.805254800098176,15.505461907896873,57.310716707995056,0.542885677400483,0.4571143225995171,0.08577135480096584,0.2705508288597934,1.3708974381818735,0.8734394368412487,0.7069873112208235,1.5804267480620722,1.875,0.9375,2.8125,24.0,0.04,8.0,0.04,16.0,5.0,15.0,18.0,1.0,0.0,0.0,resistance_dominant,9.0,1.4,0.0
1.7867246800360777,1.0757487913097687,2.8624734713458464,1.5677988990368872,1.2946745723089592,32.161044240649396,19.363478243575837,51.52452248422524,0.5477077481174897,0.4522922518825103,0.09541549623497939,0.3758109208970188,1.6020786544953571,0.64356447761986,0.5724298119906472,1.2159942896105074,2.0193441097496407,1.2349213873497613,3.221063546263047,27.0,0.04,8.0,0.04,16.0,5.0,15.0,18.0,1.0,0.0,0.0,resistance_dominant,12.0,0.6,0.0
2.2503465822916278,1.2497616858527936,3.5001082681444218,1.8763430265274454,1.623765241616976,40.5062384812493,22.495710345350282,63.001948826599595,0.5360814245675282,0.4639185754324718,0.07216284913505637,0.3570637220646186,1.5553640917747464,0.8246501696790234,0.7061343901844784,1.530784559863502,1.875,1.0686982241404652,2.8125,27.0,0.04,8.0,0.04,16.0,5.0,15.0,18.0,1.0,4.440892098500626e-16,0.0,resistance_dominant,12.0,1.0,0.0
2.5834998120055825,1.3103523314383594,3.893852143443943,2.1126551004833822,1.7811970429605601,46.50299661610049,23.58634196589047,70.08933858199097,0.5425617159194007,0.4574382840805991,0.08512343183880162,0.3365182557444027,1.507200474855513,0.9733304107717291,0.7845208289870738,1.7578512397588029,1.875,0.9646516779390069,2.8125,27.0,0.04,8.0,0.04,16.0,5.0,15.0,18.0,1.0,8.881784197001252e-16,2.220446049250313e-16,resistance_dominant,12.0,1.4,0.0
0.2808565213757349,0.0,0.2808565213757349,0.09361884045857832,0.18723768091715665,5.055417384763229,0.0,5.055417384763229,0.3333333333333334,0.6666666666666669,0.3333333333333334,0.0,1.0,0.1912555050166022,0.3825110100332044,0.5737665150498066,0.625,1.25,1.875,5.0,0.04,8.0,0.08,4.0,5.0,5.0,18.0,1.0,0.0,2.220446049250313e-16,mixed,0.0,0.6,0.0
0.2808565213757349,0.0,0.2808565213757349,0.09361884045857832,0.18723768091715665,5.055417384763229,0.0,5.055417384763229,0.3333333333333334,0.6666666666666669,0.3333333333333334,0.0,1.0,0.1912555050166022,0.3825110100332044,0.5737665150498066,0.625,1.25,1.875,5.0,0.04,8.0,0.08,4.0,5.0,5.0,18.0,1.0,0.0,2.220446049250313e-16,mixed,0.0,1.0,0.0
0.2808565213757349,0.0,0.2808565213757349,0.09361884045857832,0.18723768091715665,5.055417384763229,0.0,5.055417384763229,0.3333333333333334,0.6666666666666669,0.3333333333333334,0.0,1.0,0.1912555050166022,0.3825110100332044,0.5737665150498066,0.625,1.25,1.875,5.0,0.04,8.0,0.08,4.0,5.0,5.0,18.0,1.0,0.0,2.220446049250313e-16,mixed,0.0,1.4,0.0
0.3065649107083231,0.13907062603343476,0.44563553674175793,0.14854517891391927,0.29709035782783855,5.518168392749816,2.5032712686018255,8.021439661351643,0.33333333333333326,0.6666666666666665,0.33333333333333326,0.312072567305208,1.4536416960183405,0.20870499565911563,0.41740999131823125,0.6261149869773469,0.6251308977799827,1.2502617955599653,1.8753926933399478,8.0,0.04,8.0,0.08,4.0,5.0,5.0,18.0,1.0,1.1102230246251565e-16,2.220446049250313e-16,mixed,3.0,0.6,0.0
0.3732625711262083,0.14752147425566586,0.5207840453818742,0.17359468179395804,0.3471893635879161,6.718726280271749,2.6553865366019855,9.374112816873735,0.3333333333333333,0.6666666666666666,0.3333333333333333,0.2832680370372966,1.3952217170089247,0.25397641867390625,0.5079528373478125,0.7619292560217188,0.625,1.25,1.875,8.0,0.04,8.0,0.08,4.0,5.0,5.0,18.0,1.0,0.0,0.0,mixed,3.0,1.0,0.0
0.42780950572914533,0.14836025838802241,0.5761697641171677,0.19205658803905593,0.38411317607811185,7.7005711031246165,2.6704846509844034,10.371055754109019,0.33333333333333337,0.6666666666666667,0.33333333333333337,0.2574940019897546,1.3467904672551905,0.2911464789470833,0.5822929578941666,0.8734394368412499,0.625,1.25,1.875,8.0,0.04,8.0,0.08,4.0,5.0,5.0,18.0,1.0,0.0,0.0,mixed,3.0,1.4,0.0
0.3322733000409106,0.37731116223525024,0.7095844622761609,0.23652815409205363,0.47305630818410727,5.980919400736391,6.7916009202345045,12.772520320970896,0.3333333333333333,0.6666666666666666,0.3333333333333333,0.5317353779491379,2.135544632050768,0.22615448630162932,0.45230897260325864,0.6784634589048879,0.8112055209812534,1.6224110419625069,2.4336165629437603,11.0,0.04,8.0,0.08,4.0,5.0,5.0,18.0,1.0,0.0,0.0,mixed,6.0,0.6,0.0
0.465668620876683,0.4061379980748572,0.8718066189515402,0.29060220631718003,0.5812044126343601,8.382035175780294,7.310483965347429,15.692519141127724,0.3333333333333333,0.6666666666666666,0.3333333333333333,0.465857896976385,1.8721609742787662,0.3166973323312102,0.6333946646624204,0.9500919969936307,0.6619045604065801,1.3238091208131602,1.9857136812197402,11.0,0.04,8.0,0.08,4.0,5.0,5.0,18.0,1.0,1.1102230246251565e-16,0.0,mixed,6.0,1.0,0.0
0.5747624900825562,0.42996936486171333,1.0047318549442694,0.33491061831475655,0.6698212366295131,10.345724821486012,7.7394485675108395,18.08517338899685,0.3333333333333334,0.6666666666666669,0.3333333333333334,0.42794439406478546,1.7480818116713817,0.39103745287756353,0.7820749057551271,1.1731123586326906,0.625,1.25,1.875,11.0,0.04,8.0,0.08,4.0,5.0,5.0,18.0,1.0,2.220446049250313e-16,2.220446049250313e-16,mixed,6.0,1.4,0.0
0.35798168937350006,0.7147216086054471,1.072703297978947,0.35756776599298234,0.7151355319859647,6.443670408723001,12.864988954898047,19.308659363621047,0.3333333333333333,0.6666666666666666,0.3333333333333333,0.6662807972642909,2.9965311909005,0.24360397694414268,0.48720795388828536,0.730811930832428,1.037545084512467,2.075090169024934,3.112635253537401,14.0,0.04,8.0,0.08,4.0,5.0,5.0,18.0,1.0,0.0,0.0,mixed,9.0,0.6,0.0
0.5580746706271578,0.7758495714575742,1.3339242420847317,0.444641414028244,0.889282828056488,10.04534407128884,13.965292286236334,24.010636357525172,0.33333333333333337,0.6666666666666667,0.33333333333333337,0.5816294111613362,2.390225380746421,0.37941824598851426,0.7588364919770285,1.1382547379655428,0.8268621247242501,1.6537242494485003,2.4805863741727503,14.0,0.04,8.0,0.08,4.0,5.0,5.0,18.0,1.0,2.220446049250313e-16,0.0,mixed,9.0,1.0,0.0
0.7217154744359668,0.8448273194210717,1.5665427938570387,0.5221809312856796,1.044361862571359,12.990878539847403,15.20689174957929,28.197770289426696,0.3333333333333333,0.6666666666666666,0.3333333333333333,0.5392941212547366,2.170582243759314,0.4909284268080444,0.9818568536160888,1.4727852804241333,0.697413612829034,1.394827225658068,2.0922408384871023,14.0,0.04,8.0,0.08,4.0,5.0,5.0,18.0,1.0,2.220446049250313e-16,0.0,mixed,9.0,1.4,0.0
0.38369007870608884,1.151301965144025,1.5349920438501137,0.5116640146167047,1.0233280292334095,6.906421416709599,20.72343537259245,27.629856789302046,0.3333333333333335,0.666666666666667,0.3333333333333335,0.7500377410792922,4.000603948443337,0.2610534675866558,0.5221069351733116,0.7831604027599675,1.2698086167805696,2.539617233561139,3.8094258503417087,17.0,0.04,8.0,0.08,4.0,5.0,5.0,18.0,1.0,2.220446049250313e-16,4.440892098500626e-16,mixed,12.0,0.6,0.0
0.6504807203776312,1.2566561944038144,1.9071369147814454,0.6357123049271486,1.2714246098542972,11.708652966797361,22.619811499268657,34.328464466066016,0.33333333333333337,0.6666666666666667,0.33333333333333337,0.658922904099848,2.931888455778171,0.4421391596458181,0.8842783192916363,1.3264174789374543,1.008183545117066,2.016367090234132,3.024550635351198,17.0,0.04,8.0,0.08,4.0,5.0,5.0,18.0,1.0,2.220446049250313e-16,0.0,mixed,12.0,1.0,0.0
0.868668458789376,1.3929341220660956,2.261602580855472,0.7538675269518239,1.5077350539036478,15.636032258208768,25.07281419718972,40.7088464553985,0.33333333333333326,0.6666666666666665,0.33333333333333326,0.6159057890441588,2.6035279144443275,0.5908194007385252,1.1816388014770505,1.7724582022155757,0.840441034972733,1.680882069945466,2.521323104918199,17.0,0.04,8.0,0.08,4.0,5.0,5.0,18.0,1.0,4.440892098500626e-16,2.220446049250313e-16,mixed,12.0,1.4,0.0
1.1234260855029397,0.0,1.1234260855029397,0.3744753618343133,0.7489507236686266,20.221669539052915,0.0,20.221669539052915,0.3333333333333334,0.6666666666666669,0.3333333333333334,0.0,1.0,0.3825110100332044,0.7650220200664088,1.1475330300996132,1.25,2.5,3.75,10.0,0.04,8.0,0.08,4.0,5.0,10.0,18.0,1.0,0.0,2.220446049250313e-16,mixed,0.0,0.6,0.0
1.1234260855029397,0.0,1.1234260855029397,0.3744753618343133,0.7489507236686266,20.221669539052915,0.0,20.221669539052915,0.3333333333333334,0.6666666666666669,0.3333333333333334,0.0,1.0,0.3825110100332044,0.7650220200664088,1.1475330300996132,1.25,2.5,3.75,10.0,0.04,8.0,0.08,4.0,5.0,10.0,18.0,1.0,0.0,2.220446049250313e-16,mixed,0.0,1.0,0.0
1.1234260855029397,0.0,1.1234260855029397,0.3744753618343133,0.7489507236686266,20.221669539052915,0.0,20.221669539052915,0.3333333333333334,0.6666666666666669,0.3333333333333334,0.0,1.0,0.3825110100332044,0.7650220200664088,1.1475330300996132,1.25,2.5,3.75,10.0,0.04,8.0,0.08,4.0,5.0,10.0,18.0,1.0,0.0,2.220446049250313e-16,mixed,0.0,1.4,0.0
1.1748428641681175,0.22855629698267935,1.4033991611507968,0.46779972038359896,0.9355994407671979,21.147171555026112,4.114013345688228,25.26118490071434,0.33333333333333337,0.6666666666666667,0.33333333333333337,0.16285908051652365,1.194542014045866,0.3999605006757176,0.7999210013514352,1.1998815020271527,1.25,2.5,3.75,13.0,0.04,8.0,0.08,4.0,5.0,10.0,18.0,1.0,0.0,0.0,mixed,3.0,0.6,0.0
1.3082381850038864,0.2394954237295696,1.5477336087334561,0.515911202911152,1.031822405822304,23.548287330069957,4.310917627132253,27.85920495720221,0.3333333333333333,0.6666666666666666,0.3333333333333333,0.15473943473098958,1.1830671405825524,0.44523192369050835,0.8904638473810167,1.3356957710715252,1.25,2.5,3.75,13.0,0.04,8.0,0.08,4.0,5.0,10.0,18.0,1.0,0.0,0.0,mixed,3.0,1.0,0.0
1.4173320542097587,0.23009609273321052,1.647428146942969,0.5491427156476564,1.0982854312953128,25.511976975775656,4.141729669197789,29.653706644973443,0.33333333333333337,0.6666666666666667,0.33333333333333337,0.13966988069263334,1.162344520502291,0.4824019839636855,0.964803967927371,1.4472059518910565,1.25,2.5,3.75,13.0,0.04,8.0,0.08,4.0,5.0,10.0,18.0,1.0,2.220446049250313e-16,0.0,mixed,3.0,1.4,0.0
1.2262596428332924,0.556282504133739,1.7825421469670317,0.5941807156556771,1.1883614313113542,22.072673570999264,10.013085074407302,32.08575864540657,0.33333333333333326,0.6666666666666665,0.33333333333333326,0.312072567305208,1.4536416960183405,0.41740999131823125,0.8348199826364625,1.2522299739546938,1.2502617955599653,2.5005235911199306,3.7507853866798957,16.0,0.04,8.0,0.08,4.0,5.0,10.0,18.0,1.0,4.440892098500626e-16,2.220446049250313e-16,mixed,6.0,0.6,0.0
1.4930502845048332,0.5900858970226635,2.0831361815274967,0.6943787271758322,1.3887574543516643,26.874905121086996,10.621546146407942,37.49645126749494,0.3333333333333333,0.6666666666666666,0.3333333333333333,0.2832680370372966,1.3952217170089247,0.5079528373478125,1.015905674695625,1.5238585120434376,1.25,2.5,3.75,16.0,0.04,8.0,0.08,4.0,5.0,10.0,18.0,1.0,0.0,0.0,mixed,6.0,1.0,0.0
1.7112380229165813,0.5934410335520897,2.3046790564686708,0.7682263521562237,1.5364527043124474,30.802284412498466,10.681938603937613,41.484223016436076,0.33333333333333337,0.6666666666666667,0.33333333333333337,0.2574940019897546,1.3467904672551905,0.5822929578941666,1.1645859157883331,1.7468788736824998,1.25,2.5,3.75,16.0,0.04,8.0,0.08,4.0,5.0,10.0,18.0,1.0,0.0,0.0,mixed,6.0,1.4,0.0
1.2776764214984702,0.9831786214531802,2.2608550429516505,0.7536183476505504,1.5072366953011007,22.99817558697246,17.697215186157244,40.69539077312971,0.3333333333333334,0.6666666666666669,0.3333333333333334,0.43487026048764066,1.7695051774533805,0.43485948196074475,0.8697189639214895,1.3045784458822343,1.410596810041267,2.821193620082534,4.231790430123801,19.0,0.04,8.0,0.08,4.0,5.0,10.0,18.0,1.0,0.0,2.220446049250313e-16,mixed,9.0,0.6,0.0
1.6778623840057851,1.0517714198792854,2.7296338038850703,0.9098779346283568,1.8197558692567135,30.20152291210413,18.931885557827137,49.13340846993127,0.3333333333333333,0.6666666666666666,0.3333333333333333,0.3853159417876148,1.6268520171292302,0.5706737510051159,1.1413475020102317,1.7120212530153476,1.25,2.5,3.75,19.0,0.04,8.0,0.08,4.0,5.0,10.0,18.0,1.0,0.0,0.0,mixed,9.0,1.0,0.0
2.005143991623402,1.0900348224566365,3.095178814080039,1.0317262713600128,2.0634525427200257,36.092591849221236,19.62062680421946,55.713218653440705,0.33333333333333326,0.6666666666666665,0.33333333333333326,0.352171841412859,1.5436192248588216,0.6821839318246465,1.364367863649293,2.0465517954739396,1.25,2.5,3.75,19.0,0.04,8.0,0.08,4.0,5.0,10.0,18.0,1.0,4.440892098500626e-16,2.220446049250313e-16,mixed,9.0,1.4,0.0
1.3290932001636424,1.509244648941001,2.8383378491046436,0.9461126163682145,1.892225232736429,23.923677602945563,27.166403680938018,51.090081283883585,0.3333333333333333,0.6666666666666666,0.3333333333333333,0.5317353779491379,2.135544632050768,0.45230897260325864,0.9046179452065173,1.3569269178097758,1.6224110419625069,3.2448220839250137,4.8672331258875206,22.0,0.04,8.0,0.08,4.0,5.0,10.0,18.0,1.0,0.0,0.0,mixed,12.0,0.6,0.0
1.862674483506732,1.6245519922994287,3.487226475806161,1.1624088252687201,2.3248176505374403,33.528140703121174,29.241935861389717,62.770076564510894,0.3333333333333333,0.6666666666666666,0.3333333333333333,0.465857896976385,1.8721609742787662,0.6333946646624204,1.266789329324841,1.9001839939872613,1.3238091208131602,2.6476182416263203,3.9714273624394805,22.0,0.04,8.0,0.08,4.0,5.0,10.0,18.0,1.0,4.440892098500626e-16,0.0,mixed,12.0,1.0,0.0
2.299049960330225,1.7198774594468533,4.018927419777078,1.3396424732590262,2.6792849465180524,41.38289928594405,30.957794270043358,72.3406935559874,0.3333333333333334,0.6666666666666669,0.3333333333333334,0.42794439406478546,1.7480818116713817,0.7820749057551271,1.5641498115102541,2.346224717265381,1.25,2.5,3.75,22.0,0.04,8.0,0.08,4.0,5.0,10.0,18.0,1.0,8.881784197001252e-16,2.220446049250313e-16,mixed,12.0,1.4,0.0
2.527708692381618,0.0,2.527708692381618,0.842569564127206,1.685139128254412,45.498756462869125,0.0,45.498756462869125,0.3333333333333333,0.6666666666666666,0.3333333333333333,0.0,1.0,0.5737665150498065,1.147533030099613,1.7212995451494195,1.875,3.75,5.625,15.0,0.04,8.0,0.08,4.0,5.0,15.0,18.0,1.0,0.0,0.0,mixed,0.0,0.6,0.0
2.527708692381618,0.0,2.527708692381618,0.842569564127206,1.685139128254412,45.498756462869125,0.0,45.498756462869125,0.3333333333333333,0.6666666666666666,0.3333333333333333,0.0,1.0,0.5737665150498065,1.147533030099613,1.7212995451494195,1.875,3.75,5.625,15.0,0.04,8.0,0.08,4.0,5.0,15.0,18.0,1.0,0.0,0.0,mixed,0.0,1.0,0.0
2.527708692381618,0.0,2.527708692381618,0.842569564127206,1.685139128254412,45.498756462869125,0.0,45.498756462869125,0.3333333333333333,0.6666666666666666,0.3333333333333333,0.0,1.0,0.5737665150498065,1.147533030099613,1.7212995451494195,1.875,3.75,5.625,15.0,0.04,8.0,0.08,4.0,5.0,15.0,18.0,1.0,0.0,0.0,mixed,0.0,1.4,0.0
2.6048338603793773,0.3180419679319235,2.922875828311301,0.9742919427704335,1.948583885540867,46.88700948682879,5.724755422774623,52.61176490960342,0.33333333333333326,0.6666666666666665,0.33333333333333326,0.1088113168720113,1.1220968341856565,0.5912160056923201,1.1824320113846403,1.7736480170769604,1.875,3.75,5.625,18.0,0.04,8.0,0.08,4.0,5.0,15.0,18.0,1.0,4.440892098500626e-16,2.220446049250313e-16,mixed,3.0,0.6,0.0
2.8049268416330304,0.331469373203473,3.1363962148365037,1.0454654049455012,2.0909308098910024,50.48868314939455,5.966448717662513,56.45513186705706,0.3333333333333333,0.6666666666666666,0.3333333333333333,0.10568478932460135,1.11817398168235,0.6364874287071113,1.2729748574142226,1.9094622861213337,1.875,3.75,5.625,18.0,0.04,8.0,0.08,4.0,5.0,15.0,18.0,1.0,4.440892098500626e-16,0.0,mixed,3.0,1.0,0.0
2.9685676454418424,0.311831927078399,3.280399572520242,1.0934665241734138,2.1869330483468277,53.434217617953166,5.6129746874111826,59.047192305364355,0.3333333333333333,0.6666666666666666,0.3333333333333333,0.09505912928735905,1.1050445751361635,0.6736574889802878,1.3473149779605755,2.0209724669408633,1.875,3.75,5.625,18.0,0.04,8.0,0.08,4.0,5.0,15.0,18.0,1.0,4.440892098500626e-16,0.0,mixed,3.0,1.4,0.0
2.681959028377147,0.7352538460322284,3.417212874409375,1.1390709581364582,2.2781419162729164,48.27526251078864,13.234569228580112,61.50983173936875,0.3333333333333333,0.6666666666666666,0.3333333333333333,0.21516185062345827,1.274148053065945,0.6086654963348334,1.2173309926696667,1.8259964890045,1.875,3.75,5.625,21.0,0.04,8.0,0.08,4.0,5.0,15.0,18.0,1.0,4.440892098500626e-16,0.0,mixed,6.0,0.6,0.0
3.0821449908844594,0.7740337959704723,3.8561787868549313,1.2853929289516441,2.5707858579032883,55.47860983592027,13.9326083274685,69.41121816338877,0.3333333333333334,0.6666666666666669,0.3333333333333334,0.20072559877384938,1.2511347773254347,0.6992083423644144,1.3984166847288289,2.097625027093243,1.875,3.75,5.625,21.0,0.04,8.0,0.08,4.0,5.0,15.0,18.0,1.0,4.440892098500626e-16,2.220446049250313e-16,mixed,6.0,1.0,0.0
3.4094265985020753,0.7569127022424664,4.166339300744542,1.3887797669148474,2.777559533829695,61.36967877303736,13.624428640364396,74.99410741340175,0.33333333333333337,0.6666666666666667,0.33333333333333337,0.18167332221530855,1.2220058653191168,0.7735484629107683,1.5470969258215366,2.320645388732305,1.875,3.75,5.625,21.0,0.04,8.0,0.08,4.0,5.0,15.0,18.0,1.0,0.0,0.0,mixed,6.0,1.4,0.0
2.7590841963749084,1.2516356343009132,4.0107198306758205,1.3369066102252738,2.6738132204505476,49.66351553474835,22.529441417416436,72.19295695216476,0.3333333333333334,0.6666666666666669,0.3333333333333334,0.3120725673052082,1.45364169601834,0.6261149869773466,1.2522299739546932,1.8783449609320397,1.8753926933399478,3.7507853866798957,5.6261780800198435,24.0,0.04,8.0,0.08,4.0,5.0,15.0,18.0,1.0,8.881784197001252e-16,2.220446049250313e-16,mixed,9.0,0.6,0.0
3.3593631401358786,1.327693268300995,4.687056408436872,1.5623521361456245,3.124704272291249,60.46853652244582,23.89847882941791,84.3670153518637,0.3333333333333334,0.6666666666666669,0.3333333333333334,0.28326803703729675,1.3952217170089243,0.761929256021719,1.523858512043438,2.2857877680651573,1.875,3.75,5.625,24.0,0.04,8.0,0.08,4.0,5.0,15.0,18.0,1.0,1.7763568394002505e-15,2.220446049250313e-16,mixed,9.0,1.0,0.0
3.8502855515623096,1.3352423254922028,5.185527877054512,1.728509292351504,3.457018584703008,69.30513992812158,24.03436185885965,93.33950178698122,0.3333333333333333,0.6666666666666666,0.3333333333333333,0.25749400198975464,1.3467904672551905,0.8734394368412487,1.7468788736824974,2.620318310523746,1.875,3.75,5.625,24.0,0.04,8.0,0.08,4.0,5.0,15.0,18.0,1.0,0.0,0.0,mixed,9.0,1.4,0.0
2.83620936437268,1.867187332737981,4.70339669711066,1.5677988990368872,3.1355977980737744,51.05176855870823,33.60937198928366,84.66114054799189,0.3333333333333334,0.6666666666666669,0.3333333333333334,0.39698699747886695,1.6583390338501933,0.64356447761986,1.28712895523972,1.93069343285958,2.0193441097496407,4.0386882194992815,6.058032329248922,27.0,0.04,8.0,0.08,4.0,5.0,15.0,18.0,1.0,0.0,2.220446049250313e-16,mixed,12.0,0.6,0.0
3.636581289387296,1.99244779019504,5.6290290795823354,1.8763430265274454,3.752686053054891,65.45846320897132,35.86406022351072,101.32252343248204,0.33333333333333337,0.6666666666666667,0.33333333333333337,0.3539594061473344,1.5478903485561117,0.8246501696790234,1.6493003393580468,2.47395050903707,1.875,3.75,5.625,27.0,0.04,8.0,0.08,4.0,5.0,15.0,18.0,1.0,8.881784197001252e-16,0.0,mixed,12.0,1.0,0.0
4.29114450462254,2.046820796827606,6.337965301450146,2.1126551004833822,4.2253102009667645,77.24060108320572,36.84277434289691,114.08337542610263,0.33333333333333337,0.6666666666666667,0.33333333333333337,0.32294604016833084,1.4769871521741378,0.9733304107717291,1.9466608215434582,2.919991232315187,1.875,3.75,5.625,27.0,0.04,8.0,0.08,4.0,5.0,15.0,18.0,1.0,0.0,0.0,mixed,12.0,1.4,0.0
0.3183919170279103,0.0,0.3183919170279103,0.09361884045857832,0.224773076569332,5.731054506502385,0.0,5.731054506502385,0.2940364860153522,0.7059635139846479,0.41192702796929564,0.0,1.0,0.1912555050166022,0.45908577180001126,0.6503412768166135,0.625,1.25,1.875,5.0,0.04,8.0,0.1,4.0,5.0,5.0,18.0,1.0,0.0,0.0,severe_mixed,0.0,0.6,0.0
0.3183919170279103,0.0,0.3183919170279103,0.09361884045857832,0.224773076569332,5.731054506502385,0.0,5.731054506502385,0.2940364860153522,0.7059635139846479,0.41192702796929564,0.0,1.0,0.1912555050166022,0.45908577180001126,0.6503412768166135,0.625,1.25,1.875,5.0,0.04,8.0,0.1,4.0,5.0,5.0,18.0,1.0,0.0,0.0,severe_mixed,0.0,1.0,0.0
0.3183919170279103,0.0,0.3183919170279103,0.09361884045857832,0.224773076569332,5.731054506502385,0.0,5.731054506502385,0.2940364860153522,0.7059635139846479,0.41192702796929564,0.0,1.0,0.1912555050166022,0.45908577180001126,0.6503412768166135,0.625,1.25,1.875,5.0,0.04,8.0,0.1,4.0,5.0,5.0,18.0,1.0,0.0,0.0,severe_mixed,0.0,1.4,0.0
0.35274109679474,0.15386566202811747,0.5066067588228574,0.14854517891391927,0.3580615799089381,6.34933974230532,2.769581916506114,9.118921658811434,0.2932159437806875,0.7067840562193124,0.4135681124386249,0.3037181390663579,1.4361999875439857,0.20870499565911563,0.511595959639743,0.7203009552988586,0.6251308977799827,1.305275397968897,1.9223337769554987,8.0,0.04,8.0,0.1,4.0,5.0,5.0,18.0,1.0,0.0,1.1102230246251565e-16,severe_mixed,3.0,0.6,0.0
0.426945880348223,0.17152336405358803,0.598469244401811,0.17359468179395804,0.424874562607853,7.685025846268014,3.0874205529645846,10.7724463992326,0.2900644994171278,0.7099355005828721,0.4198710011657444,0.2866034732077687,1.4017449797470611,0.25397641867390625,0.6174583323488805,0.8714347510227867,0.625,1.25,1.875,8.0,0.04,8.0,0.1,4.0,5.0,5.0,18.0,1.0,0.0,0.0,severe_mixed,3.0,1.0,0.0
0.4827075295835316,0.17447289356839946,0.6571804231519309,0.19205658803905593,0.46512383511287503,8.688735532503568,3.14051208423119,11.829247616734756,0.29224331899286526,0.7077566810071347,0.4155133620142696,0.2654870525990452,1.3614463891187494,0.2911464789470833,0.6942958304126285,0.9854423093597118,0.625,1.25,1.875,8.0,0.04,8.0,0.1,4.0,5.0,5.0,18.0,1.0,1.1102230246251565e-16,0.0,severe_mixed,3.0,1.4,0.0
0.38709027656156936,0.416002882663626,0.8030931592251955,0.23652815409205363,0.5665650051331418,6.967624978108248,7.488051887945268,14.455676866053519,0.29452144047678125,0.7054785595232186,0.41095711904643734,0.5180007797164844,2.0746921528457922,0.22615448630162932,0.5641061474794764,0.7902606337811058,0.8112055209812534,1.7574225908301135,2.5663308009612145,11.0,0.04,8.0,0.1,4.0,5.0,5.0,18.0,1.0,2.220446049250313e-16,2.220446049250313e-16,severe_mixed,6.0,0.6,0.0
0.5354998436685363,0.46985543365021687,1.0053552773187533,0.29060220631718003,0.7147530710015733,9.638997186033654,8.457397805703904,18.096394991737558,0.28905424069808017,0.7109457593019198,0.4218915186038397,0.46735263070713134,1.8774146980723452,0.3166973323312102,0.7758308928977492,1.0925282252289594,0.6619045604065801,1.4482501684695919,2.1050482958275905,11.0,0.04,8.0,0.1,4.0,5.0,5.0,18.0,1.0,2.220446049250313e-16,0.0,severe_mixed,6.0,1.0,0.0
0.6470231421391518,0.500376707365568,1.14739984950472,0.33491061831475655,0.8124892311899634,11.646416558504733,9.006780732580225,20.653197291084957,0.29188658030530695,0.7081134196946931,0.4162268393893861,0.4360961940003372,1.7733521025403365,0.39103745287756353,0.9295058890252476,1.3205433419028112,0.625,1.2715133656889732,1.875,11.0,0.04,8.0,0.1,4.0,5.0,5.0,18.0,1.0,0.0,0.0,severe_mixed,6.0,1.4,0.0
0.42143945632839913,0.7864116619065258,1.207851118234925,0.35756776599298234,0.8502833522419424,7.585910213911184,14.155409914317463,21.74132012822865,0.2960362917207119,0.7039637082792879,0.407927416558576,0.6510832751107077,2.86601337415766,0.24360397694414268,0.6166163353192085,0.8602203122633512,1.037545084512467,2.253308458581986,3.2885819139404866,14.0,0.04,8.0,0.1,4.0,5.0,5.0,18.0,1.0,0.0,2.220446049250313e-16,severe_mixed,9.0,0.6,0.0
0.6440538069888496,0.8949962087898865,1.539050015778736,0.444641414028244,1.094408601750492,11.592968525799293,16.109931758217957,27.702900284017247,0.2889064094536669,0.7110935905463331,0.42218718109266623,0.5815250963998282,2.3896295605708318,0.37941824598851426,0.9342034534466187,1.3136216994351329,0.8268621247242501,1.8372921897081078,2.660787145902733,14.0,0.04,8.0,0.1,4.0,5.0,5.0,18.0,1.0,2.220446049250313e-16,0.0,severe_mixed,9.0,1.0,0.0
0.8113387546947726,0.9777114413915067,1.7890501960862797,0.5221809312856796,1.2668692648006,14.604097584505906,17.59880594504712,32.20290352955303,0.2918760649801782,0.7081239350198216,0.4162478700396434,0.5464974898582191,2.205059459731249,0.4909284268080444,1.1647159476378657,1.65564437444591,0.697413612829034,1.5628850578117572,2.255260788568554,14.0,0.04,8.0,0.1,4.0,5.0,5.0,18.0,1.0,4.440892098500626e-16,2.220446049250313e-16,severe_mixed,9.0,1.4,0.0
0.4557886360952284,1.2650919997568169,1.7208806358520452,0.5116640146167047,1.2092166212353406,8.204195449714112,22.7716559956227,30.975851445336815,0.29732684763657,0.7026731523634301,0.40534630472686006,0.735142213469351,3.775611104732545,0.2610534675866558,0.6691265231589408,0.9301799907455967,1.2698086167805696,2.757491565165785,4.02480848732599,17.0,0.04,8.0,0.1,4.0,5.0,5.0,18.0,1.0,0.0,0.0,severe_mixed,12.0,0.6,0.0
0.7526077703091629,1.4469456894725967,2.1995534597817596,0.6357123049271486,1.5638411548546112,13.546939865564934,26.04502241050674,39.591962276071676,0.2890188015663071,0.710981198433693,0.4219623968673859,0.6578361089783028,2.922576070239359,0.4421391596458181,1.0925760139954872,1.5347151736413054,1.008183545117066,2.246072938548058,3.2508828164313877,17.0,0.04,8.0,0.1,4.0,5.0,5.0,18.0,1.0,0.0,0.0,severe_mixed,12.0,1.0,0.0
0.975654367250393,1.606477095646214,2.5821314628966068,0.7538675269518239,1.8282639359447828,17.561778610507073,28.916587721631853,46.47836633213892,0.291955517286538,0.708044482713462,0.4160889654269239,0.622151551433437,2.646563731553436,0.5908194007385252,1.399926006250485,1.9907454069890103,0.840441034972733,1.9009027711511075,2.7373112286863517,17.0,0.04,8.0,0.1,4.0,5.0,5.0,18.0,1.0,0.0,0.0,severe_mixed,12.0,1.4,0.0
1.2735676681116412,0.0,1.2735676681116412,0.3744753618343133,0.899092306277328,22.92421802600954,0.0,22.92421802600954,0.2940364860153522,0.7059635139846479,0.41192702796929564,0.0,1.0,0.3825110100332044,0.9181715436000225,1.300682553633227,1.25,2.5,3.75,10.0,0.04,8.0,0.1,4.0,5.0,10.0,18.0,1.0,0.0,0.0,severe_mixed,0.0,0.6,0.0
1.2735676681116412,0.0,1.2735676681116412,0.3744753618343133,0.899092306277328,22.92421802600954,0.0,22.92421802600954,0.2940364860153522,0.7059635139846479,0.41192702796929564,0.0,1.0,0.3825110100332044,0.9181715436000225,1.300682553633227,1.25,2.5,3.75,10.0,0.04,8.0,0.1,4.0,5.0,10.0,18.0,1.0,0.0,0.0,severe_mixed,0.0,1.0,0.0
1.2735676681116412,0.0,1.2735676681116412,0.3744753618343133,0.899092306277328,22.92421802600954,0.0,22.92421802600954,0.2940364860153522,0.7059635139846479,0.41192702796929564,0.0,1.0,0.3825110100332044,0.9181715436000225,1.300682553633227,1.25,2.5,3.75,10.0,0.04,8.0,0.1,4.0,5.0,10.0,18.0,1.0,0.0,0.0,severe_mixed,0.0,1.4,0.0
1.3422660276453013,0.25359554475253954,1.5958615723978407,0.46779972038359896,1.1280618520142418,24.160788497615425,4.564719805545712,28.72550830316113,0.2931330188499449,0.7068669811500552,0.4137339623001102,0.1589082343598906,1.188930912002157,0.3999605006757176,0.9706817314397547,1.3706422321154723,1.25,2.5,3.75,13.0,0.04,8.0,0.1,4.0,5.0,10.0,18.0,1.0,2.220446049250313e-16,0.0,severe_mixed,3.0,0.6,0.0
1.490675594752267,0.279642375335656,1.770317970087923,0.515911202911152,1.254406767176771,26.832160705540804,5.033562756041808,31.865723461582615,0.29142290347170186,0.708577096528298,0.4171541930565962,0.15796166567849249,1.1875943876186754,0.44523192369050835,1.0765441041488921,1.5217760278394006,1.25,2.5,3.75,13.0,0.04,8.0,0.1,4.0,5.0,10.0,18.0,1.0,0.0,1.1102230246251565e-16,severe_mixed,3.0,1.0,0.0
1.6021988932228817,0.2732303270224133,1.875429220245295,0.5491427156476564,1.3262865045976386,28.83958007801187,4.9181458864034395,33.75772596441531,0.2928090858986573,0.7071909141013428,0.41438182820268554,0.14568949020996722,1.1705345872963377,0.4824019839636855,1.1533816022126415,1.635783586176327,1.25,2.5,3.75,13.0,0.04,8.0,0.1,4.0,5.0,10.0,18.0,1.0,0.0,0.0,severe_mixed,3.0,1.4,0.0
1.41096438717896,0.6154626481124699,2.0264270352914298,0.5941807156556771,1.4322463196357524,25.39735896922128,11.078327666024457,36.47568663524574,0.2932159437806875,0.7067840562193124,0.4135681124386249,0.3037181390663579,1.4361999875439857,0.41740999131823125,1.023191919279486,1.4406019105977173,1.2502617955599653,2.610550795937794,3.8446675539109973,16.0,0.04,8.0,0.1,4.0,5.0,10.0,18.0,1.0,0.0,1.1102230246251565e-16,severe_mixed,6.0,0.6,0.0
1.707783521392892,0.6860934562143521,2.393876977607244,0.6943787271758322,1.699498250431412,30.740103385072057,12.349682211858338,43.0897855969304,0.2900644994171278,0.7099355005828721,0.4198710011657444,0.2866034732077687,1.4017449797470611,0.5079528373478125,1.234916664697761,1.7428695020455733,1.25,2.5,3.75,16.0,0.04,8.0,0.1,4.0,5.0,10.0,18.0,1.0,0.0,0.0,severe_mixed,6.0,1.0,0.0
1.9308301183341263,0.6978915742735978,2.6287216926077237,0.7682263521562237,1.8604953404515001,34.75494213001427,12.56204833692476,47.316990466939025,0.29224331899286526,0.7077566810071347,0.4155133620142696,0.2654870525990452,1.3614463891187494,0.5822929578941666,1.388591660825257,1.9708846187194236,1.25,2.5,3.75,16.0,0.04,8.0,0.1,4.0,5.0,10.0,18.0,1.0,4.440892098500626e-16,0.0,severe_mixed,6.0,1.4,0.0
1.4796627467126202,1.085601310079792,2.5652640567924117,0.7536183476505504,1.811645709141862,26.633929440827163,19.540823581436257,46.17475302226341,0.29377807935798605,0.7062219206420143,0.41244384128402817,0.42319281214161647,1.7336815855448693,0.43485948196074475,1.0757021071192197,1.5105615890799644,1.410596810041267,3.0378432607588657,4.4429061731295185,19.0,0.04,8.0,0.1,4.0,5.0,10.0,18.0,1.0,8.881784197001252e-16,4.440892098500626e-16,severe_mixed,9.0,0.6,0.0
1.9248914480335193,1.2193532426360898,3.144244690669609,0.9098779346283568,2.234366756041252,34.64804606460335,21.948358367449615,56.596404432052964,0.28937885697266963,0.7106211430273301,0.4212422860546606,0.3878048188343802,1.633465977461632,0.5706737510051159,1.3932892252466293,1.9639629762517452,1.25,2.5677832581644253,3.7748972858339176,19.0,0.04,8.0,0.1,4.0,5.0,10.0,18.0,1.0,0.0,2.220446049250313e-16,severe_mixed,9.0,1.0,0.0
2.259461343445367,1.273983741753551,3.5334450851989176,1.0317262713600128,2.5017188138389055,40.67030418201661,22.931707351563915,63.602011533580516,0.29198876634074844,0.7080112336592517,0.41602246731850323,0.3605500329098311,1.5638440088604928,0.6821839318246465,1.6238017194378762,2.3059856512625228,1.25,2.5,3.75,19.0,0.04,8.0,0.1,4.0,5.0,10.0,18.0,1.0,4.440892098500626e-16,0.0,severe_mixed,9.0,1.4,0.0
1.5483611062462774,1.664011530654504,3.212372636900782,0.9461126163682145,2.266260020532567,27.870499912432994,29.952207551781072,57.822707464214076,0.29452144047678125,0.7054785595232186,0.41095711904643734,0.5180007797164844,2.0746921528457922,0.45230897260325864,1.1282122949589528,1.5805212675622116,1.6224110419625069,3.514845181660227,5.132661601922429,22.0,0.04,8.0,0.1,4.0,5.0,10.0,18.0,1.0,8.881784197001252e-16,2.220446049250313e-16,severe_mixed,12.0,0.6,0.0
2.1419993746741453,1.8794217346008675,4.021421109275013,1.1624088252687201,2.859012284006293,38.555988744134616,33.829591222815615,72.38557996695023,0.28905424069808017,0.7109457593019198,0.4218915186038397,0.46735263070713134,1.8774146980723452,0.6333946646624204,1.5516617857954984,2.185056450457919,1.3238091208131602,2.8965003369391837,4.210096591655181,22.0,0.04,8.0,0.1,4.0,5.0,10.0,18.0,1.0,8.881784197001252e-16,0.0,severe_mixed,12.0,1.0,0.0
2.588092568556607,2.001506829462272,4.58959939801888,1.3396424732590262,3.2499569247598536,46.58566623401893,36.0271229303209,82.61278916433983,0.29188658030530695,0.7081134196946931,0.4162268393893861,0.4360961940003372,1.7733521025403365,0.7820749057551271,1.8590117780504951,2.6410866838056224,1.25,2.5430267313779464,3.75,22.0,0.04,8.0,0.1,4.0,5.0,10.0,18.0,1.0,0.0,0.0,severe_mixed,12.0,1.4,0.0
2.8655272532511953,0.0,2.8655272532511953,0.842569564127206,2.0229576891239893,51.57949055852151,0.0,51.57949055852151,0.2940364860153523,0.7059635139846477,0.4119270279692954,0.0,1.0,0.5737665150498065,1.3772573154000332,1.9510238304498397,1.875,3.75,5.625,15.0,0.04,8.0,0.1,4.0,5.0,15.0,18.0,1.0,0.0,0.0,severe_mixed,0.0,0.6,0.0
2.8655272532511953,0.0,2.8655272532511953,0.842569564127206,2.0229576891239893,51.57949055852151,0.0,51.57949055852151,0.2940364860153523,0.7059635139846477,0.4119270279692954,0.0,1.0,0.5737665150498065,1.3772573154000332,1.9510238304498397,1.875,3.75,5.625,15.0,0.04,8.0,0.1,4.0,5.0,15.0,18.0,1.0,0.0,0.0,severe_mixed,0.0,1.0,0.0
2.8655272532511953,0.0,2.8655272532511953,0.842569564127206,2.0229576891239893,51.57949055852151,0.0,51.57949055852151,0.2940364860153523,0.7059635139846477,0.4119270279692954,0.0,1.0,0.5737665150498065,1.3772573154000332,1.9510238304498397,1.875,3.75,5.625,15.0,0.04,8.0,0.1,4.0,5.0,15.0,18.0,1.0,0.0,0.0,severe_mixed,0.0,1.4,0.0
2.9685747925516837,0.35332542747696144,3.3219002200286454,0.9742919427704335,2.347608277258211,53.43434626593031,6.359857694585306,59.79420396051562,0.2932935603833495,0.7067064396166503,0.4134128792333008,0.10636244440656759,1.1190219051793724,0.5912160056923201,1.4297675032397659,2.020983508932086,1.875,3.75,5.625,18.0,0.04,8.0,0.1,4.0,5.0,15.0,18.0,1.0,4.440892098500626e-16,2.220446049250313e-16,severe_mixed,3.0,0.6,0.0
3.1911891432121315,0.38776138661772397,3.578950529829856,1.0454654049455012,2.533485124884354,57.44140457781837,6.979704959119031,64.42110953693741,0.29211507569935674,0.7078849243006431,0.4157698486012864,0.10834499761474999,1.1215099980653038,0.6364874287071113,1.5356298759489027,2.172117304656014,1.875,3.75,5.625,18.0,0.04,8.0,0.1,4.0,5.0,15.0,18.0,1.0,4.440892098500626e-16,2.220446049250313e-16,severe_mixed,3.0,1.0,0.0
3.3584740909180555,0.3719877604764281,3.730461851394484,1.0934665241734138,2.63699532722107,60.452533636525,6.695779688575707,67.1483133251007,0.29311826999776586,0.7068817300022341,0.4137634600044683,0.0997162751677451,1.1107609439305643,0.6736574889802878,1.6124673740126507,2.2861248629929385,1.875,3.75,5.625,18.0,0.04,8.0,0.1,4.0,5.0,15.0,18.0,1.0,0.0,0.0,severe_mixed,3.0,1.4,0.0
3.0716223318521734,0.8149224135613141,3.886544745413487,1.1390709581364582,2.747473787277029,55.28920197333912,14.668603444103654,69.95780541744277,0.2930806237290015,0.7069193762709985,0.41383875254199703,0.20967786734553984,1.265306839682312,0.6086654963348334,1.4822776910794981,2.0909431874143314,1.875,3.75,5.625,21.0,0.04,8.0,0.1,4.0,5.0,15.0,18.0,1.0,4.440892098500626e-16,0.0,severe_mixed,6.0,0.6,0.0
3.5168510331730705,0.9023314787784883,4.4191825119515595,1.2853929289516441,3.133789582999915,63.303318597115265,16.24196661801279,79.54528521512808,0.29086667624053403,0.7091333237594659,0.4182666475189319,0.2041851578517423,1.2565736991038723,0.6992083423644144,1.6940024364977713,2.3932107788621857,1.875,3.75,5.625,21.0,0.04,8.0,0.1,4.0,5.0,15.0,18.0,1.0,8.881784197001252e-16,0.0,severe_mixed,6.0,1.0,0.0
3.8514209285849166,0.895406441181625,4.7468273697665415,1.3887797669148474,3.3580476028516935,69.3255767145285,16.11731594126925,85.44289265579775,0.2925701018242739,0.707429898175726,0.41485979635145204,0.18863261109612733,1.2324872969703196,0.7735484629107683,1.847677432625269,2.6212258955360372,1.875,3.75,5.625,21.0,0.04,8.0,0.1,4.0,5.0,15.0,18.0,1.0,0.0,1.1102230246251565e-16,severe_mixed,6.0,1.4,0.0
3.1746698711526604,1.3847909582530573,4.559460829405718,1.3369066102252738,3.2225542191804446,57.144057680747885,24.926237248555033,82.07029492930292,0.2932159437806875,0.7067840562193126,0.4135681124386251,0.3037181390663579,1.4361999875439857,0.6261149869773466,1.5347878789192297,2.1609028658965763,1.8753926933399478,3.915826193906691,5.7670013308664965,24.0,0.04,8.0,0.1,4.0,5.0,15.0,18.0,1.0,0.0,0.0,severe_mixed,9.0,0.6,0.0
3.84251292313401,1.543710276482294,5.386223199616304,1.5623521361456245,3.8238710634706803,69.16523261641218,27.786784976681293,96.95201759309347,0.290064499417128,0.7099355005828721,0.41987100116574416,0.2866034732077688,1.4017449797470611,0.761929256021719,1.8523749970466414,2.6143042530683607,1.875,3.75,5.625,24.0,0.04,8.0,0.1,4.0,5.0,15.0,18.0,1.0,0.0,0.0,severe_mixed,9.0,1.0,0.0
4.344367766251782,1.5702560421155942,5.914623808367376,1.728509292351504,4.186114516015873,78.19861979253207,28.264608758080698,106.46322855061277,0.2922433189928655,0.7077566810071345,0.41551336201426914,0.26548705259904515,1.3614463891187496,0.8734394368412487,2.082887491237887,2.956326928079136,1.875,3.75,5.625,24.0,0.04,8.0,0.1,4.0,5.0,15.0,18.0,1.0,0.0,0.0,severe_mixed,9.0,1.4,0.0
3.2777174104531523,2.0629310615521925,5.340648472005345,1.5677988990368872,3.772849572968458,58.998913388156744,37.132759107939464,96.1316724960962,0.2935596505283934,0.7064403494716066,0.41288069894321333,0.3862697708650329,1.6293803898326265,0.64356447761986,1.587298066758963,2.230862544378823,2.0193441097496407,4.329214619340908,6.338909433938365,27.0,0.04,8.0,0.1,4.0,5.0,15.0,18.0,1.0,0.0,0.0,severe_mixed,12.0,0.6,0.0
4.168174813094947,2.3118977797291387,6.480072592824086,1.8763430265274454,4.60372956629664,75.02714663570906,41.6141600351245,116.64130667083354,0.2895558652545457,0.7104441347454543,0.42088826949090863,0.3567703519694042,1.554654707011319,0.8246501696790234,2.010747557595512,2.835397727274535,1.875,3.751034330531606,5.625,27.0,0.04,8.0,0.1,4.0,5.0,15.0,18.0,1.0,8.881784197001252e-16,0.0,severe_mixed,12.0,1.0,0.0
4.837314603918645,2.3965365632783313,7.233851167196975,2.1126551004833822,5.121196066713594,87.0716628705356,43.137658139009964,130.20932100954556,0.29205122577909065,0.7079487742209095,0.41589754844181887,0.33129470152023577,1.495427062225171,0.9733304107717291,2.3180975498505036,3.291427960622233,1.875,3.75,5.625,27.0,0.04,8.0,0.1,4.0,5.0,15.0,18.0,1.0,8.881784197001252e-16,2.220446049250313e-16,severe_mixed,12.0,1.4,0.0
