E_vent_J,E_mus_J,E_tot_J,E1_tot_J,E2_tot_J,MP_vent_Jmin,MP_mus_Jmin,MP_tot_Jmin,REF1,REF2,EII,ECF,HBR,VT1_L,VT2_L,VT_total_L,Flow1_peak_Ls,Flow2_peak_Ls,Flow_total_peak_Ls,Pdist_peak_cmH2O,C1_L_cmH2O,R1_cmH2O_s_L,C2_L_cmH2O,R2_cmH2O_s_L,PEEP_cmH2O,PS_cmH2O,RR_bpm,Ti_s,Energy_balance_error_J,Partition_balance_error,Pmus_peak_cmH2O,Tmus_s,Pmus_onset_s,dt_s,tau1_s,tau2_s
0.7206034664061289,0.24635931258255916,0.9669627789886882,0.6943787271758322,0.2725840518128559,12.97086239531032,4.4344676264860645,17.405330021796388,0.7181028497312565,0.28189715026874335,0.43620569946251314,0.25477641739242285,1.341879166653512,0.5079528373478125,0.22838789299577492,0.7363407303435874,1.25,2.5,3.75,16.0,0.04,8.0,0.02,4.0,5.0,10.0,18.0,1.0,1.1102230246251565e-16,2.220446049250313e-16,6.0,1.0,0.0,0.001,0.32,0.08
0.7266763068585959,0.25589725861988094,0.9825735654784767,0.6943787271758322,0.28819483830264464,13.080173523454725,4.606150655157857,17.68632417861258,0.7066938818343801,0.29330611816561997,0.4133877636687601,0.2604357247238466,1.3521475190599217,0.5079528373478125,0.23433623969741388,0.7422890770452264,1.25,2.0,3.25,16.0,0.04,8.0,0.02,5.0,5.0,10.0,18.0,1.0,1.1102230246251565e-16,0.0,6.0,1.0,0.0,0.001,0.32,0.1
0.7320083247693534,0.2641126669829326,0.9961209917522861,0.6943787271758322,0.30174226457645387,13.17614984584836,4.7540280056927875,17.93017785154115,0.6970827167835745,0.30291728321642547,0.394165433567149,0.26514115169717434,1.3608055510381678,0.5079528373478125,0.23961337076122705,0.7475662081090395,1.25,1.6666666666666667,2.916666666666667,16.0,0.04,8.0,0.02,6.0,5.0,10.0,18.0,1.0,1.1102230246251565e-16,0.0,6.0,1.0,0.0,0.001,0.32,0.12
0.736571752655014,0.27106245698076864,1.0076342096357829,0.6943787271758322,0.3132554824599506,13.25829154779025,4.879124225653835,18.13741577344409,0.6891178569917954,0.31088214300820455,0.3782357139835908,0.2690087875031022,1.368005501166328,0.5079528373478125,0.244155108041582,0.7521079453893945,1.25,1.4285714285714286,2.678571428571429,16.0,0.04,8.0,0.02,7.0,5.0,10.0,18.0,1.0,2.220446049250313e-16,0.0,6.0,1.0,0.0,0.001,0.32,0.14
0.740349205621697,0.2768437940505488,1.0171929996722457,0.6943787271758322,0.3228142724964136,13.326285701190546,4.983188292909879,18.309473994100422,0.6826420624203774,0.31735793757962255,0.3652841248407549,0.2721644704001619,1.37393677463066,0.5079528373478125,0.24792570334989636,0.7558785406977089,1.25,1.25,2.5,16.0,0.04,8.0,0.02,8.0,5.0,10.0,18.0,1.0,2.220446049250313e-16,0.0,6.0,1.0,0.0,0.001,0.32,0.16
0.743346066552752,0.2815757958025799,1.0249218623553322,0.6943787271758322,0.3305431351794998,13.380229197949536,5.0683643244464385,18.44859352239598,0.6774943073027128,0.32250569269728696,0.35498861460542586,0.27472903656821385,1.3787950302991185,0.5079528373478125,0.2509205477184113,0.7588733850662238,1.25,1.1111111111111112,2.361111111111111,16.0,0.04,8.0,0.02,9.0,5.0,10.0,18.0,1.0,2.220446049250313e-16,2.220446049250313e-16,6.0,1.0,0.0,0.001,0.32,0.18
0.7455914640009895,0.28538477641700716,1.030976240417997,0.6943787271758322,0.33659751324216464,13.420646352017812,5.136925975506129,18.557572327523946,0.6735157416375616,0.32648425836243833,0.34703148327512323,0.2768102359966136,1.382762934121559,0.5079528373478125,0.25316321476194964,0.7611160521097622,1.25,1.0,2.25,16.0,0.04,8.0,0.02,10.0,5.0,10.0,18.0,1.0,2.220446049250313e-16,1.1102230246251565e-16,6.0,1.0,0.0,0.001,0.32,0.2
0.7471334269189915,0.28839417116003746,1.035527598079029,0.6943787271758322,0.34114887090319684,13.448401684541848,5.191095080880674,18.63949676542252,0.6705555008518844,0.3294444991481156,0.34111100170376885,0.27849974418357115,1.3860008945782407,0.5079528373478125,0.2546987312687697,0.7626515686165822,1.25,0.9090909090909091,2.159090909090909,16.0,0.04,8.0,0.02,11.0,5.0,10.0,18.0,1.0,0.0,0.0,6.0,1.0,0.0,0.001,0.32,0.22
0.7480322513144309,0.29071862865158143,1.0387508799660126,0.6943787271758322,0.34437215279018013,13.464580523659755,5.232935315728466,18.697515839388227,0.6684747426626025,0.33152525733739724,0.3369494853252053,0.2798732922961217,1.3886445111701207,0.5079528373478125,0.2555859206748173,0.7635387580226298,1.25,0.8333333333333334,2.0833333333333335,16.0,0.04,8.0,0.02,12.0,5.0,10.0,18.0,1.0,2.220446049250313e-16,2.220446049250313e-16,6.0,1.0,0.0,0.001,0.32,0.24
0.748354339877994,0.29246116900115043,1.0408155088791446,0.6943787271758322,0.34643678170331227,13.470378117803893,5.2643010420207075,18.734679159824605,0.6671487129583699,0.3328512870416299,0.33429742591674,0.2809923242939588,1.3908057365563369,0.5079528373478125,0.2558906389714256,0.7638434763192381,1.25,0.7692307692307693,2.019230769230769,16.0,0.04,8.0,0.02,13.0,5.0,10.0,18.0,1.0,2.220446049250313e-16,2.220446049250313e-16,6.0,1.0,0.0,0.001,0.32,0.26
0.7481674027365488,0.2937123375697024,1.0418797403062512,0.6943787271758322,0.34750101313041903,13.467013249257878,5.2868220762546425,18.753835325512522,0.6664672517499244,0.3335327482500756,0.33293450349984877,0.2819061799621598,1.392575694283659,0.5079528373478125,0.2556806023999658,0.7636334397477783,1.25,0.7142857142857143,1.9642857142857144,16.0,0.04,8.0,0.02,14.0,5.0,10.0,18.0,1.0,0.0,0.0,6.0,1.0,0.0,0.001,0.32,0.28
0.7475371335257315,0.2945505327039823,1.042087666229714,0.6943787271758322,0.34770893905388167,13.455668403463166,5.301909588671681,18.757577992134852,0.6663342727086512,0.3336657272913486,0.33266854541730256,0.2826542739630244,1.394027961279657,0.5079528373478125,0.25502182823162556,0.762974665579438,1.25,0.6666666666666666,1.9166666666666665,16.0,0.04,8.0,0.02,15.0,5.0,10.0,18.0,1.0,2.220446049250313e-16,2.220446049250313e-16,6.0,1.0,0.0,0.001,0.32,0.3
0.7465251422524166,0.2950429485113317,1.0415680907637483,0.6943787271758322,0.3471893635879161,13.437452560543498,5.310773073203971,18.74822563374747,0.6666666666666666,0.3333333333333333,0.3333333333333333,0.2832680370372966,1.3952217170089247,0.5079528373478125,0.25397641867390625,0.7619292560217188,1.25,0.625,1.875,16.0,0.04,8.0,0.02,16.0,5.0,10.0,18.0,1.0,0.0,0.0,6.0,1.0,0.0,0.001,0.32,0.32
0.7839245265311761,0.2706977485229626,1.0546222750541385,0.6943787271758322,0.36024354787830626,14.110641477561169,4.872559473413326,18.983200950974492,0.6584146225625536,0.3415853774374463,0.31682924512510724,0.2566774426503237,1.3453109825773477,0.5079528373478125,0.292920299621767,0.8008731369695795,1.25,2.5,3.75,16.0,0.04,8.0,0.025,4.0,5.0,10.0,18.0,1.0,2.220446049250313e-16,1.1102230246251565e-16,6.0,1.0,0.0,0.001,0.32,0.1
0.7921069442873124,0.28328306295537214,1.0753900072426845,0.6943787271758322,0.3810112800668524,14.257924997171624,5.099095133196698,19.357020130368323,0.6456994415972204,0.3543005584027797,0.2913988831944407,0.26342355893906244,1.3576323437111792,0.5079528373478125,0.3010245887129424,0.808977426060755,1.25,2.0,3.25,16.0,0.04,8.0,0.025,5.0,5.0,10.0,18.0,1.0,0.0,0.0,6.0,1.0,0.0,0.001,0.32,0.125
0.7987778621435532,0.2934412457316531,1.0922191078752064,0.6943787271758322,0.397840380699374,14.378001518583957,5.281942423169756,19.659943941753713,0.6357503930934431,0.3642496069065567,0.27150078618688633,0.2686651823025796,1.367362767095462,0.5079528373478125,0.3076722595589717,0.8156250969067842,1.25,1.6666666666666667,2.916666666666667,16.0,0.04,8.0,0.025,6.0,5.0,10.0,18.0,1.0,2.220446049250313e-16,2.220446049250313e-16,6.0,1.0,0.0,0.001,0.32,0.15000000000000002
0.8039151562442718,0.3014315186517392,1.1053466748960112,0.6943787271758322,0.4109679477201789,14.470472812396892,5.425767335731306,19.896240148128204,0.6281999511521197,0.3718000488478802,0.2563999023042395,0.27270314870228135,1.374954392028092,0.5079528373478125,0.3128046248342935,0.820757462182106,1.25,1.4285714285714286,2.678571428571429,16.0,0.04,8.0,0.025,7.0,5.0,10.0,18.0,1.0,2.220446049250313e-16,1.1102230246251565e-16,6.0,1.0,0.0,0.001,0.32,0.17500000000000002
0.8075684729591673,0.3075571457693702,1.1151256187285374,0.6943787271758322,0.4207468915527054,14.536232513265013,5.536028623848663,20.072261137113674,0.6226910363404263,0.3773089636595737,0.24538207268085266,0.27580493229098785,1.380843428226452,0.5079528373478125,0.3164540184524372,0.8244068558002497,1.25,1.25,2.5,16.0,0.04,8.0,0.025,8.0,5.0,10.0,18.0,1.0,2.220446049250313e-16,0.0,6.0,1.0,0.0,0.001,0.32,0.2
0.8098490122988001,0.3121202545812392,1.1219692668800392,0.6943787271758322,0.42759053970420713,14.577282221378402,5.618164582462306,20.195446803840706,0.6188928232470694,0.38110717675293065,0.23778564649413877,0.2781896650780641,1.3854054889753695,0.5079528373478125,0.31872351399709814,0.8266763513449107,1.25,1.1111111111111112,2.361111111111111,16.0,0.04,8.0,0.025,9.0,5.0,10.0,18.0,1.0,2.220446049250313e-16,0.0,6.0,1.0,0.0,0.001,0.32,0.225
0.8109055686191521,0.31539703367015265,1.1263026022893048,0.6943787271758322,0.43192387511347247,14.596300235144737,5.677146606062748,20.273446841207488,0.6165116956708162,0.3834883043291837,0.23302339134163247,0.28002868237104456,1.3889442197409319,0.5079528373478125,0.3197585637055384,0.8277114010533508,1.25,1.0,2.25,16.0,0.04,8.0,0.025,10.0,5.0,10.0,18.0,1.0,0.0,1.1102230246251565e-16,6.0,1.0,0.0,0.001,0.32,0.25
0.8109019027239083,0.31762758027419036,1.1285294829980985,0.6943787271758322,0.4341507558222664,14.59623424903035,5.717296444935426,20.313530693965774,0.6152951585554651,0.3847048414445349,0.23059031711093028,0.2814526204759557,1.3916966765119732,0.5079528373478125,0.31972213191898297,0.8276749692667955,1.25,0.9090909090909091,2.159090909090909,16.0,0.04,8.0,0.025,11.0,5.0,10.0,18.0,1.0,2.220446049250313e-16,0.0,6.0,1.0,0.0,0.001,0.32,0.275
0.8100005598650943,0.31901434112808896,1.1290149009931836,0.6943787271758322,0.43463617381735126,14.580010077571698,5.742258140305601,20.322268217877305,0.6150306134710833,0.3849693865289165,0.2300612269421669,0.28255990319300045,1.3938445933682084,0.5079528373478125,0.3187772852895323,0.8267301226373448,1.25,0.8333333333333334,2.0833333333333335,16.0,0.04,8.0,0.025,12.0,5.0,10.0,18.0,1.0,2.220446049250313e-16,2.220446049250313e-16,6.0,1.0,0.0,0.001,0.32,0.30000000000000004
0.8083531850533251,0.3197248361065496,1.1280780211598747,0.6943787271758322,0.43369929398404256,14.550357330959852,5.755047049917893,20.305404380877743,0.6155414024128236,0.38445859758717643,0.23108280482564716,0.2834243998281368,1.3955261660600224,0.5079528373478125,0.3170768169750918,0.8250296543229043,1.25,0.7692307692307693,2.019230769230769,16.0,0.04,8.0,0.025,13.0,5.0,10.0,18.0,1.0,0.0,0.0,6.0,1.0,0.0,0.001,0.32,0.325
0.8060957394556768,0.31989609073096087,1.1259918301866378,0.6943787271758322,0.43161310301080563,14.509723310202183,5.758129633157296,20.267852943359483,0.6166818519995265,0.3833181480004735,0.233363703999053,0.2841016090480308,1.3968462740504914,0.5079528373478125,0.3147580754727241,0.8227109128205365,1.25,0.7142857142857143,1.9642857142857144,16.0,0.04,8.0,0.025,14.0,5.0,10.0,18.0,1.0,2.220446049250313e-16,0.0,6.0,1.0,0.0,0.001,0.32,0.35000000000000003
0.8033469183653315,0.31963940895476795,1.1229863273200995,0.6943787271758322,0.42860760014426713,14.460244530575967,5.753509361185823,20.21375389176179,0.6183323076006644,0.3816676923993354,0.23666461520132898,0.2846333932823182,1.3978846518826231,0.5079528373478125,0.3119411709481104,0.819894008295923,1.25,0.6666666666666666,1.9166666666666665,16.0,0.04,8.0,0.025,15.0,5.0,10.0,18.0,1.0,0.0,2.220446049250313e-16,6.0,1.0,0.0,0.001,0.32,0.375
0.8002084514744312,0.3190448383092539,1.1192532897836853,0.6943787271758322,0.424874562607853,14.40375212653976,5.74280708956657,20.146559216106336,0.6203946269481438,0.37960537305185604,0.24078925389628777,0.28505150819875164,1.3987021603200958,0.5079528373478125,0.30872916617444024,0.8166820035222527,1.25,0.625,1.875,16.0,0.04,8.0,0.025,16.0,5.0,10.0,18.0,1.0,2.220446049250313e-16,1.1102230246251565e-16,6.0,1.0,0.0,0.001,0.32,0.4
0.8491707730698912,0.2978213509706215,1.1469921240405125,0.6943787271758322,0.45261339686468044,15.285073915258042,5.360784317471187,20.645858232729225,0.6053910158770246,0.3946089841229754,0.21078203175404925,0.2596542249318028,1.3507202089562602,0.5079528373478125,0.3594200561418403,0.8673728934896527,1.25,2.5,3.75,16.0,0.04,8.0,0.03,4.0,5.0,10.0,18.0,1.0,2.220446049250313e-16,0.0,6.0,1.0,0.0,0.001,0.32,0.12
0.8589967489386083,0.31279043507647286,1.171787184015081,0.6943787271758322,0.477408456839249,15.46194148089495,5.630227831376511,21.09216931227146,0.5925809196825073,0.40741908031749274,0.18516183936501454,0.26693450768484184,1.364134597090108,0.5079528373478125,0.3692067114707657,0.8771595488185782,1.25,2.0,3.25,16.0,0.04,8.0,0.03,5.0,5.0,10.0,18.0,1.0,0.0,0.0,6.0,1.0,0.0,0.001,0.32,0.15
0.8661773857449889,0.32401604420009245,1.1901934299450814,0.6943787271758322,0.4958147027692494,15.591192943409801,5.832288795601664,21.423481739011464,0.5834167032898784,0.4165832967101218,0.16683340657975657,0.2722381388166824,1.3740758527439618,0.5079528373478125,0.37638082157761693,0.8843336589254294,1.25,1.6666666666666667,2.916666666666667,16.0,0.04,8.0,0.03,6.0,5.0,10.0,18.0,1.0,0.0,2.220446049250313e-16,6.0,1.0,0.0,0.001,0.32,0.18
0.8708285098985097,0.3321253581565699,1.2029538680550798,0.6943787271758322,0.5085751408792473,15.674913178173174,5.978256446818258,21.653169624991435,0.5772280597081372,0.42277194029186255,0.15445611941627463,0.2760915168705063,1.3813900835599393,0.5079528373478125,0.3810238911241884,0.8889767284720009,1.25,1.4285714285714286,2.678571428571429,16.0,0.04,8.0,0.03,7.0,5.0,10.0,18.0,1.0,2.220446049250313e-16,2.220446049250313e-16,6.0,1.0,0.0,0.001,0.32,0.21
0.8732066628875077,0.3377302934735949,1.2109369563611025,0.6943787271758322,0.5165582291852703,15.71771993197514,6.079145282524708,21.796865214499846,0.5734226901972325,0.4265773098027674,0.1468453803944651,0.278899980465113,1.3867701746076844,0.5079528373478125,0.38337888101222606,0.8913317183600385,1.25,1.25,2.5,16.0,0.04,8.0,0.03,8.0,5.0,10.0,18.0,1.0,0.0,1.1102230246251565e-16,6.0,1.0,0.0,0.001,0.32,0.24
0.8736387610905079,0.34136684937754713,1.2150056104680549,0.6943787271758322,0.5206268832922228,15.725497699629141,6.144603288795849,21.870100988424987,0.5715024862381809,0.42849751376181916,0.14300497247636176,0.2809590724820134,1.390741419201044,0.5079528373478125,0.38376865116803854,0.8917214885158511,1.25,1.1111111111111112,2.361111111111111,16.0,0.04,8.0,0.03,9.0,5.0,10.0,18.0,1.0,0.0,0.0,6.0,1.0,0.0,0.001,0.32,0.27
0.8724639862044581,0.34347814955219597,1.2159421357566542,0.6943787271758322,0.521563408580822,15.704351751680246,6.182606691939528,21.886958443619775,0.5710623118950767,0.4289376881049232,0.14212462379015348,0.2824790254829495,1.3936874816420255,0.5079528373478125,0.3825327423474388,0.8904855796952513,1.25,1.0,2.25,16.0,0.04,8.0,0.03,10.0,5.0,10.0,18.0,1.0,2.220446049250313e-16,0.0,6.0,1.0,0.0,0.001,0.32,0.3
0.8699990573875926,0.3444189288373439,1.2144179862249365,0.6943787271758322,0.5200392590491044,15.659983032976667,6.19954071907219,21.859523752048858,0.5717790209401742,0.42822097905982587,0.14355804188034835,0.28360822446971734,1.3958842551755801,0.5079528373478125,0.37999012277925354,0.8879429601270661,1.25,0.9090909090909091,2.159090909090909,16.0,0.04,8.0,0.03,11.0,5.0,10.0,18.0,1.0,0.0,0.0,6.0,1.0,0.0,0.001,0.32,0.32999999999999996
0.8665222463491409,0.3444680959119184,1.2109903422610595,0.6943787271758322,0.5166116150852272,15.597400434284536,6.200425726414531,21.79782616069907,0.5733974111464395,0.42660258885356045,0.14679482229287896,0.2844515632294445,1.3975294314291902,0.5079528373478125,0.3764219398837395,0.884374777231552,1.25,0.8333333333333334,2.0833333333333335,16.0,0.04,8.0,0.03,12.0,5.0,10.0,18.0,1.0,2.220446049250313e-16,0.0,6.0,1.0,0.0,0.001,0.32,0.36
0.8622690217816795,0.3438427960385132,1.2061118178201926,0.6943787271758322,0.5117330906443605,15.520842392070232,6.189170328693238,21.710012720763466,0.5757167096088849,0.42428329039111506,0.15143341921776987,0.28508368043349475,1.3987651038744744,0.5079528373478125,0.37206655252557913,0.8800193898733917,1.25,0.7692307692307693,2.019230769230769,16.0,0.04,8.0,0.03,13.0,5.0,10.0,18.0,1.0,2.220446049250313e-16,0.0,6.0,1.0,0.0,0.001,0.32,0.39
0.8574338471802956,0.34271123853369634,1.200145085713992,0.6943787271758322,0.5057663585381598,15.433809249245321,6.168802293606534,21.602611542851854,0.5785789863587463,0.42142101364125367,0.15715797271749263,0.2855581734351811,1.399694086792486,0.5079528373478125,0.3671210558279639,0.8750738931757764,1.25,0.7142857142857143,1.9642857142857144,16.0,0.04,8.0,0.03,14.0,5.0,10.0,18.0,1.0,0.0,0.0,6.0,1.0,0.0,0.001,0.32,0.42
0.852174712266698,0.34120343179881163,1.1933781440655096,0.6943787271758322,0.49899941688967747,15.339144820800565,6.141661772378609,21.48080659317917,0.5818597655980825,0.4181402344019175,0.163719531196165,0.2859139271953028,1.400391406700212,0.5079528373478125,0.3617457136581122,0.8696985510059247,1.25,0.6666666666666666,1.9166666666666665,16.0,0.04,8.0,0.03,15.0,5.0,10.0,18.0,1.0,2.220446049250313e-16,0.0,6.0,1.0,0.0,0.001,0.32,0.44999999999999996
0.8466184975565891,0.33941978775796827,1.1860382853145575,0.6943787271758322,0.4916595581387252,15.239132956018604,6.109556179643429,21.348689135662035,0.5854606345963538,0.4145393654036461,0.17092126919270773,0.28617945302494885,1.4009123220642614,0.5079528373478125,0.35606931034541184,0.8640221476932244,1.25,0.625,1.875,16.0,0.04,8.0,0.03,16.0,5.0,10.0,18.0,1.0,0.0,1.1102230246251565e-16,6.0,1.0,0.0,0.001,0.32,0.48
0.9157379960200677,0.3268378254606798,1.2425758214807474,0.6943787271758322,0.5481970943049153,16.483283928361217,5.883080858292236,22.366364786653453,0.5588220172740509,0.44117798272594916,0.1176440345481017,0.2630325005609679,1.356911940840246,0.5079528373478125,0.4272714390727682,0.9352242764205807,1.25,2.5,3.75,16.0,0.04,8.0,0.035,4.0,5.0,10.0,18.0,1.0,0.0,0.0,6.0,1.0,0.0,0.001,0.32,0.14
0.9264078474746703,0.3433260065094132,1.2697338539840832,0.6943787271758322,0.5753551268082511,16.675341254544065,6.179868117169438,22.8552093717135,0.5468695073357763,0.45313049266422367,0.09373901467155266,0.27039210259075047,1.370599199310863,0.5079528373478125,0.4379264747680108,0.9458793121158233,1.25,2.0,3.25,16.0,0.04,8.0,0.035,5.0,5.0,10.0,18.0,1.0,2.220446049250313e-16,0.0,6.0,1.0,0.0,0.001,0.32,0.17500000000000002
0.9330193568535482,0.35469703468140584,1.287716391534954,0.6943787271758322,0.5933376643591218,16.794348423363868,6.3845466242653055,23.178895047629172,0.539232653820718,0.46076734617928183,0.07846530764143624,0.2754465478680504,1.3801604244070158,0.5079528373478125,0.4445278729782199,0.9524807103260324,1.25,1.6666666666666667,2.916666666666667,16.0,0.04,8.0,0.035,6.0,5.0,10.0,18.0,1.0,0.0,1.1102230246251565e-16,6.0,1.0,0.0,0.001,0.32,0.21000000000000002
0.9360247601743292,0.36208739445529525,1.2981121546296244,0.6943787271758322,0.6037334274537922,16.848445683137925,6.517573100195315,23.36601878333324,0.5349142789391348,0.4650857210608652,0.06982855787826957,0.27893382953386303,1.3868352738744416,0.5079528373478125,0.44749960641640146,0.955452443764214,1.25,1.4285714285714286,2.678571428571429,16.0,0.04,8.0,0.035,7.0,5.0,10.0,18.0,1.0,0.0,0.0,6.0,1.0,0.0,0.001,0.32,0.24500000000000002
0.9360303836627527,0.36647511649131354,1.3025055001540662,0.6943787271758322,0.6081267729782341,16.84854690592955,6.596552096843643,23.44509900277319,0.5331100153463444,0.4668899846536557,0.06622003069268863,0.28136166522749056,1.3915205348968167,0.5079528373478125,0.44744105419993985,0.9553938915477523,1.25,1.25,2.5,16.0,0.04,8.0,0.035,8.0,5.0,10.0,18.0,1.0,0.0,0.0,6.0,1.0,0.0,0.001,0.32,0.28
0.9336562354949015,0.36863923115971015,1.3022954666546114,0.6943787271758322,0.6079167394787793,16.805812238908228,6.635506160874782,23.441318399783004,0.5331959950375778,0.46680400496242236,0.0663919900751554,0.2830688124152696,1.3948340054348867,0.5079528373478125,0.44497391378806694,0.9529267511358794,1.25,1.1111111111111112,2.361111111111111,16.0,0.04,8.0,0.035,9.0,5.0,10.0,18.0,1.0,2.220446049250313e-16,0.0,6.0,1.0,0.0,0.001,0.32,0.31500000000000006
0.9294606639706356,0.36917640742032315,1.298637071390959,0.6943787271758322,0.6042583442151266,16.730291951471443,6.645175333565817,23.37546728503726,0.5346980634336036,0.46530193656639623,0.06939612686720732,0.2842798927839797,1.397194224275409,0.5079528373478125,0.4406613056618144,0.9486141430096269,1.25,1.0,2.25,16.0,0.04,8.0,0.035,10.0,5.0,10.0,18.0,1.0,2.220446049250313e-16,2.220446049250313e-16,6.0,1.0,0.0,0.001,0.32,0.35000000000000003
0.9239130196873557,0.3685346687220541,1.2924476884094098,0.6943787271758322,0.5980689612335776,16.630434354372404,6.633624036996974,23.264058391369378,0.5372586708173779,0.462741329182622,0.07451734163475594,0.28514474669036893,1.398884592888152,0.5079528373478125,0.43497798099258633,0.9429308183403988,1.25,0.9090909090909091,2.159090909090909,16.0,0.04,8.0,0.035,11.0,5.0,10.0,18.0,1.0,0.0,1.1102230246251565e-16,6.0,1.0,0.0,0.001,0.32,0.385
0.9173922503489659,0.3670472284547202,1.284439478803686,0.6943787271758322,0.5900607516278539,16.513060506281384,6.606850112184964,23.119910618466346,0.5406083654658214,0.4593916345341787,0.08121673093164265,0.2857645179176401,1.400098462042926,0.5079528373478125,0.4283078984659576,0.9362607358137701,1.25,0.8333333333333334,2.0833333333333335,16.0,0.04,8.0,0.035,12.0,5.0,10.0,18.0,1.0,2.220446049250313e-16,0.0,6.0,1.0,0.0,0.001,0.32,0.42000000000000004
0.9101967619616598,0.3649609119175598,1.2751576738792196,0.6943787271758322,0.5807789467033874,16.383541715309875,6.569296414516076,22.952838129825953,0.5445434250208672,0.4554565749791328,0.08908685004173432,0.2862084582899418,1.4009692488149428,0.5079528373478125,0.4209537336234666,0.9289065709712792,1.25,0.7692307692307693,2.019230769230769,16.0,0.04,8.0,0.035,13.0,5.0,10.0,18.0,1.0,0.0,0.0,6.0,1.0,0.0,0.001,0.32,0.45500000000000007
0.9025577004740342,0.3624583316907952,1.2650160321648296,0.6943787271758322,0.5706373049889973,16.246038608532615,6.5242499704343135,22.770288578966934,0.5489090331823998,0.45109096681760014,0.09781806636479964,0.28652469413412734,1.4015902047042843,0.5079528373478125,0.4131501064579639,0.9211029438057764,1.25,0.7142857142857143,1.9642857142857144,16.0,0.04,8.0,0.035,14.0,5.0,10.0,18.0,1.0,2.220446049250313e-16,0.0,6.0,1.0,0.0,0.001,0.32,0.49000000000000005
0.8946520135116528,0.359674595915563,1.2543266094272156,0.6943787271758322,0.5599478822513835,16.10373624320975,6.474142726480134,22.57787896968988,0.5535868584442437,0.44641314155575634,0.10717371688848737,0.2867471623517637,1.4020273698415793,0.5079528373478125,0.4050767112536699,0.9130295486014823,1.25,0.6666666666666666,1.9166666666666665,16.0,0.04,8.0,0.035,15.0,5.0,10.0,18.0,1.0,2.220446049250313e-16,0.0,6.0,1.0,0.0,0.001,0.32,0.525
0.886613875245616,0.35670968965631505,1.2433235649019307,0.6943787271758322,0.5489448377260988,15.959049754421088,6.420774413813671,22.379824168234755,0.5584859378343742,0.441514062165626,0.11697187566874813,0.2869001277913132,1.4023281155593201,0.5079528373478125,0.3968698497643773,0.9048226871121898,1.25,0.6288409884213397,1.875,16.0,0.04,8.0,0.035,16.0,5.0,10.0,18.0,1.0,2.220446049250313e-16,2.220446049250313e-16,6.0,1.0,0.0,0.001,0.32,0.56
0.9830149830751161,0.35699228909354325,1.3400072721686596,0.6943787271758322,0.6456285449928272,17.69426969535209,6.4258612036837786,24.12013089903587,0.5181902677677666,0.4818097322322333,0.03638053553553331,0.2664107102312879,1.363160577651403,0.5079528373478125,0.4958514066997927,1.0038042440476052,1.25,2.5,3.75,16.0,0.04,8.0,0.04,4.0,5.0,10.0,18.0,1.0,2.220446049250313e-16,2.220446049250313e-16,6.0,1.0,0.0,0.001,0.32,0.16
0.9934994998337017,0.3740742538264599,1.3675737536601613,0.6943787271758322,0.6731950264843293,17.88299099700663,6.733336568876279,24.616327565882905,0.5077449938750312,0.4922550061249688,0.015489987750062495,0.273531319846766,1.3765218340714562,0.5079528373478125,0.5063264295238993,1.0142792668717118,1.25,2.0,3.25,16.0,0.04,8.0,0.04,5.0,5.0,10.0,18.0,1.0,2.220446049250313e-16,0.0,6.0,1.0,0.0,0.001,0.32,0.2
0.9983810744605841,0.38474195829560837,1.3831230327561925,0.6943787271758322,0.6887443055803603,17.970859340290513,6.92535524932095,24.896214589611464,0.5020368475768363,0.49796315242316364,0.004073695153672632,0.27816900534793426,1.3853658368909696,0.5079528373478125,0.5111718413496346,1.019124678697447,1.25,1.6666666666666667,2.916666666666667,16.0,0.04,8.0,0.04,6.0,5.0,10.0,18.0,1.0,0.0,0.0,6.0,1.0,0.0,0.001,0.32,0.24
0.9986513773048201,0.39072937613185027,1.3893807534366702,0.6943787271758322,0.6950020262608381,17.975724791486762,7.033128770373305,25.008853561860064,0.49977569176647074,0.5002243082335293,0.00044861646705855534,0.2812255569003463,1.3912570342478856,0.5079528373478125,0.5113612047999316,1.019314042147744,1.25,1.4285714285714286,2.678571428571429,16.0,0.04,8.0,0.04,7.0,5.0,10.0,18.0,1.0,2.220446049250313e-16,0.0,6.0,1.0,0.0,0.001,0.32,0.28
0.9953668563365554,0.39339059801510895,1.3887574543516643,0.6943787271758322,0.6943787271758322,17.916603414058,7.081030764271961,24.997634178329957,0.5,0.5,0.0,0.2832680370372966,1.3952217170089243,0.5079528373478125,0.5079528373478125,1.015905674695625,1.25,1.25,2.5,16.0,0.04,8.0,0.04,8.0,5.0,10.0,18.0,1.0,0.0,0.0,6.0,1.0,0.0,0.001,0.32,0.32
0.9894685190760958,0.3937256948800399,1.3831942139561357,0.6943787271758322,0.6888154867803036,17.810433343369724,7.087062507840718,24.897495851210444,0.5020110120254252,0.49798898797457486,0.004022024050850319,0.2846496109566041,1.3979163432583752,0.5079528373478125,0.501895919844985,1.0098487571927977,1.25,1.1111111111111112,2.361111111111111,16.0,0.04,8.0,0.04,9.0,5.0,10.0,18.0,1.0,0.0,0.0,6.0,1.0,0.0,0.001,0.32,0.36
0.9817234654581236,0.3924545618902736,1.3741780273483972,0.6943787271758322,0.6797993001725651,17.671022378246224,7.064182114024925,24.73520449227115,0.5053047810083965,0.4946952189916035,0.010609562016792999,0.28559222610155593,1.3997608040336835,0.5079528373478125,0.4939666658791038,1.0019195032269164,1.25,1.0,2.25,16.0,0.04,8.0,0.04,10.0,5.0,10.0,18.0,1.0,0.0,0.0,6.0,1.0,0.0,0.001,0.32,0.4
0.9727274586623291,0.3900897182411504,1.3628171769034794,0.6943787271758322,0.6684384497276472,17.509094255921923,7.021614928340707,24.53070918426263,0.5095171523693021,0.49048284763069794,0.01903430473860409,0.2862377469643371,1.4010267364895737,0.5079528373478125,0.48476895618990506,0.9927217935377175,1.25,0.9090909090909091,2.159090909090909,16.0,0.04,8.0,0.04,11.0,5.0,10.0,18.0,1.0,2.220446049250313e-16,0.0,6.0,1.0,0.0,0.001,0.32,0.44
0.9629301873526932,0.38699461734143964,1.3499248046941328,0.6943787271758322,0.6555460775183007,17.332743372348478,6.965903112145914,24.29864648449439,0.5143832639871857,0.4856167360128144,0.028766527974371247,0.28667864757779987,1.4018927046054843,0.5079528373478125,0.47475908046054915,0.9827119178083616,1.25,0.8333333333333334,2.0833333333333335,16.0,0.04,8.0,0.04,12.0,5.0,10.0,18.0,1.0,0.0,0.0,6.0,1.0,0.0,0.001,0.32,0.48
0.9526649224231372,0.38342681860863537,1.3360917410317725,0.6943787271758322,0.6417130138559404,17.14796860361647,6.901682734955436,24.049651338571906,0.5197088686736517,0.48029113132634826,0.039417737347303444,0.28697641549115555,1.4024781532140131,0.5079528373478125,0.4642754256844107,0.9722282630322232,1.25,0.7692307692307693,2.019230769230769,16.0,0.04,8.0,0.04,13.0,5.0,10.0,18.0,1.0,0.0,0.0,6.0,1.0,0.0,0.001,0.32,0.52
0.9421753676852352,0.3795688883204235,1.321744256005659,0.6943787271758322,0.6273655288298267,16.959156618334234,6.832239989767623,23.79139660810186,0.5253502892263443,0.47464971077365564,0.05070057845268865,0.287172716352473,1.4028643725349772,0.5079528373478125,0.4535655425878604,0.9615183799356729,1.25,0.718675415338674,1.9642857142857144,16.0,0.04,8.0,0.04,14.0,5.0,10.0,18.0,1.0,2.220446049250313e-16,0.0,6.0,1.0,0.0,0.001,0.32,0.56
0.9316376442069552,0.3755502126885912,1.3071878568955464,0.6943787271758322,0.6128091297197141,16.769477595725192,6.759903828394641,23.529381424119833,0.5312004112591125,0.4687995887408874,0.0624008225182251,0.2872962831681203,1.4031075977058372,0.5079528373478125,0.4428083792797997,0.9507612166276123,1.25,0.6795494990692539,1.9166666666666665,16.0,0.04,8.0,0.04,15.0,5.0,10.0,18.0,1.0,0.0,0.0,6.0,1.0,0.0,0.001,0.32,0.6
0.9211774370113527,0.37146233526867817,1.2926397722800307,0.6943787271758322,0.5982610451041985,16.581193866204348,6.686322034836207,23.267515901040554,0.537178835176213,0.462821164823787,0.07435767035242608,0.2873672489695037,1.4032473227675246,0.5079528373478125,0.4321316547459189,0.9400844920937315,1.25,0.6463151486927897,1.875,16.0,0.04,8.0,0.04,16.0,5.0,10.0,18.0,1.0,2.220446049250313e-16,0.0,6.0,1.0,0.0,0.001,0.32,0.64
1.050424364533344,0.3876764167963612,1.4381007813297053,0.6943787271758322,0.7437220541538732,18.90763856160019,6.978175502334502,25.885814063934696,0.4828442736355317,0.5171557263644683,0.03431145272893662,0.2695752772193793,1.3690664743563792,0.5079528373478125,0.564571232366425,1.0725240697142375,1.25,2.5,3.75,16.0,0.04,8.0,0.045,4.0,5.0,10.0,18.0,1.0,0.0,0.0,6.0,1.0,0.0,0.001,0.32,0.18
1.059581479603219,0.40446021904018736,1.4640416986434064,0.6943787271758322,0.7696629714675741,19.072466632857942,7.280283942723372,26.352750575581315,0.4742889002541727,0.5257110997458272,0.051422199491654504,0.27626277271676325,1.3817169578989295,0.5079528373478125,0.5737023251947763,1.0816551625425888,1.25,2.0,3.25,16.0,0.04,8.0,0.045,5.0,5.0,10.0,18.0,1.0,0.0,1.1102230246251565e-16,6.0,1.0,0.0,0.001,0.32,0.22499999999999998
1.0616164275516236,0.41370262456254375,1.4753190521141673,0.6943787271758322,0.7809403249383351,19.109095695929224,7.446647242125787,26.555742938055012,0.47066343119528686,0.5293365688047131,0.05867313760942632,0.2804156998919644,1.389691242360157,0.5079528373478125,0.5756529767520574,1.08360581409987,1.25,1.6666666666666667,2.916666666666667,16.0,0.04,8.0,0.045,6.0,5.0,10.0,18.0,1.0,0.0,0.0,6.0,1.0,0.0,0.001,0.32,0.27
1.0582198947310797,0.4177660689174691,1.4759859636485488,0.6943787271758322,0.7816072364727167,19.047958105159434,7.519789240514443,26.56774734567388,0.4704507659811138,0.5295492340188862,0.059098468037772446,0.28304203373640247,1.3947819078034194,0.5079528373478125,0.5721093177275148,1.0800621550753273,1.25,1.4285714285714286,2.678571428571429,16.0,0.04,8.0,0.045,7.0,5.0,10.0,18.0,1.0,0.0,0.0,6.0,1.0,0.0,0.001,0.32,0.315
1.050941655439572,0.41835449436410027,1.4692961498036725,0.6943787271758322,0.7749174226278401,18.9169497979123,7.530380898553805,26.447330696466103,0.47259276305094455,0.5274072369490553,0.05481447389811071,0.28473122618608976,1.3980758514982616,0.5079528373478125,0.5646329098256094,1.072585747173422,1.25,1.25,2.5,16.0,0.04,8.0,0.045,8.0,5.0,10.0,18.0,1.0,2.220446049250313e-16,1.1102230246251565e-16,6.0,1.0,0.0,0.001,0.32,0.36
1.041028552268989,0.41664943455729925,1.4576779868262881,0.6943787271758322,0.763299259650456,18.738513940841802,7.499689822031386,26.238203762873187,0.4763594795635625,0.5236405204364375,0.04728104087287496,0.28583091623990575,1.4002286331620635,0.5079528373478125,0.5544851243587311,1.0624379617065436,1.25,1.1111111111111112,2.361111111111111,16.0,0.04,8.0,0.045,9.0,5.0,10.0,18.0,1.0,2.220446049250313e-16,0.0,6.0,1.0,0.0,0.001,0.32,0.40499999999999997
1.0294203543159073,0.41345749819443994,1.4428778525103474,0.6943787271758322,0.7484991253345151,18.52956637768633,7.442234967499919,25.971801345186254,0.4812456757637095,0.5187543242362904,0.03750864847258084,0.2865505887938459,1.4016410754469684,0.5079528373478125,0.542618570487169,1.0505714078349815,1.25,1.0,2.25,16.0,0.04,8.0,0.045,10.0,5.0,10.0,18.0,1.0,2.220446049250313e-16,0.0,6.0,1.0,0.0,0.001,0.32,0.44999999999999996
1.0168004299612765,0.40932660666244647,1.426127036623723,0.6943787271758322,0.7317483094478907,18.30240773930298,7.367878919924037,25.670286659227017,0.4868982280987642,0.5131017719012356,0.026203543802471464,0.28701973677709985,1.4025633689769734,0.5079528373478125,0.5297267320734027,1.0376795694212153,1.25,0.9090909090909091,2.159090909090909,16.0,0.04,8.0,0.045,11.0,5.0,10.0,18.0,1.0,2.220446049250313e-16,2.220446049250313e-16,6.0,1.0,0.0,0.001,0.32,0.495
1.0036548609223974,0.4046287045364828,1.4082835654588801,0.6943787271758322,0.713904838283048,18.065787496603154,7.28331668165669,25.349104178259843,0.49306740787646225,0.5069325921235378,0.013865184247075515,0.2873204761177747,1.4031552282471023,0.5079528373478125,0.5163032210328204,1.024256058380633,1.25,0.8343612416320502,2.0833333333333335,16.0,0.04,8.0,0.045,12.0,5.0,10.0,18.0,1.0,0.0,0.0,6.0,1.0,0.0,0.001,0.32,0.54
0.990323846976927,0.3996163396634204,1.3899401866403474,0.6943787271758322,0.6955614594645152,17.825829245584686,7.193094113941568,25.01892335952625,0.4995745384225699,0.5004254615774302,0.0008509231548602446,0.28750614127456897,1.4035208693431884,0.5079528373478125,0.5026936494093015,1.010646486757114,1.25,0.7800628239513683,2.019230769230769,16.0,0.04,8.0,0.045,13.0,5.0,10.0,18.0,1.0,0.0,0.0,6.0,1.0,0.0,0.001,0.32,0.585
0.9770419097235035,0.39446083173190405,1.3715027414554073,0.6943787271758322,0.6771240142795754,17.586754375023062,7.100294971174273,24.68704934619733,0.5062904405418639,0.4937095594581363,0.01258088108372754,0.2876121350755094,1.4037296945056672,0.5079528373478125,0.48913632264066703,0.9970891599884795,1.25,0.7359605645108759,1.9642857142857144,16.0,0.04,8.0,0.045,14.0,5.0,10.0,18.0,1.0,2.220446049250313e-16,2.220446049250313e-16,6.0,1.0,0.0,0.001,0.32,0.63
0.9639678513787765,0.3892779642666569,1.3532458156454334,0.6943787271758322,0.6588670884696012,17.351421324817977,7.0070033567998244,24.3584246816178,0.513120912067736,0.4868790879322639,0.02624182413547211,0.2876624185835668,1.403828782992988,0.5079528373478125,0.4757926148026171,0.9837454521504296,1.25,0.6982406252329391,1.9166666666666665,16.0,0.04,8.0,0.045,15.0,5.0,10.0,18.0,1.0,0.0,0.0,6.0,1.0,0.0,0.001,0.32,0.6749999999999999
0.9512065558178577,0.3841453394033906,1.3353518952212482,0.6943787271758322,0.640973168045416,17.12171800472144,6.91461610926103,24.036334113982466,0.5199968110733716,0.48000318892662835,0.03999362214674327,0.28767348949599786,1.4038506011694778,0.5079528373478125,0.4627690963306404,0.9707219336784529,1.25,0.6651649404344249,1.875,16.0,0.04,8.0,0.045,16.0,5.0,10.0,18.0,1.0,2.220446049250313e-16,0.0,6.0,1.0,0.0,0.001,0.32,0.72
1.117453517750057,0.418418992531186,1.535872510281243,0.6943787271758322,0.8414937831054108,20.114163319501028,7.531541865561348,27.645705185062372,0.452107009226098,0.5478929907739021,0.09578598154780406,0.2724308103245931,1.3744397291563892,0.5079528373478125,0.6329080369048744,1.140860874252687,1.25,2.5,3.75,16.0,0.04,8.0,0.05,4.0,5.0,10.0,18.0,1.0,0.0,0.0,6.0,1.0,0.0,0.001,0.32,0.2
1.1241277090700266,0.43409876833275085,1.5582264774027772,0.6943787271758322,0.8638477502269449,20.23429876326048,7.813777829989515,28.048076593249988,0.4456211835991965,0.5543788164008034,0.10875763280160698,0.2785851573105718,1.3861649924917103,0.5079528373478125,0.6395171274110768,1.1474699647588893,1.25,2.0,3.25,16.0,0.04,8.0,0.05,5.0,5.0,10.0,18.0,1.0,2.220446049250313e-16,0.0,6.0,1.0,0.0,0.001,0.32,0.25
1.1223176915619113,0.44133338324862337,1.5636510748105346,0.6943787271758322,0.8692723476347025,20.201718448114402,7.94400089847522,28.145719346589622,0.4440752405455732,0.5559247594544269,0.11184951890885374,0.28224543848575623,1.3932339181381226,0.5079528373478125,0.6375545705790646,1.145507407926877,1.25,1.6666666666666667,2.916666666666667,16.0,0.04,8.0,0.05,6.0,5.0,10.0,18.0,1.0,2.220446049250313e-16,0.0,6.0,1.0,0.0,0.001,0.32,0.30000000000000004
1.1145080507430762,0.4430968824543672,1.5576049331974435,0.6943787271758322,0.8632262060216113,20.061144913375372,7.975743884178609,28.036888797553985,0.44579900357044644,0.5542009964295534,0.108401992859107,0.2844732146198203,1.397571719790576,0.5079528373478125,0.6295161509454482,1.1374689882932607,1.25,1.4285714285714286,2.678571428571429,16.0,0.04,8.0,0.05,7.0,5.0,10.0,18.0,1.0,2.220446049250313e-16,1.1102230246251565e-16,6.0,1.0,0.0,0.001,0.32,0.35000000000000003
1.102733474780585,0.4413943776109534,1.5441278523915385,0.6943787271758322,0.849749125215706,19.84920254605053,7.945098796997161,27.794301343047692,0.44968991790438945,0.5503100820956103,0.10062016419122086,0.28585351719893126,1.4002729469138309,0.5079528373478125,0.6174583323488805,1.1254111696966929,1.25,1.25,2.5,16.0,0.04,8.0,0.05,8.0,5.0,10.0,18.0,1.0,0.0,2.220446049250313e-16,6.0,1.0,0.0,0.001,0.32,0.4
1.088502234998978,0.4375421869929829,1.5260444219919607,0.6943787271758322,0.8316656948161286,19.593040229981604,7.875759365873693,27.46879959585529,0.4550186856745971,0.544981314325403,0.08996262865080588,0.2867165468367263,1.401967192096205,0.5079528373478125,0.6029095227635208,1.1108623601113332,1.25,1.1111111111111112,2.361111111111111,16.0,0.04,8.0,0.05,9.0,5.0,10.0,18.0,1.0,2.220446049250313e-16,0.0,6.0,1.0,0.0,0.001,0.32,0.45
1.0728779003494593,0.4323973377768954,1.5052752381263548,0.6943787271758322,0.8108965109505225,19.311802206290267,7.7831520799841165,27.094954286274387,0.4612968509600535,0.5387031490399464,0.07740629807989288,0.28725466733586125,1.403025672945686,0.5079528373478125,0.5869489500669489,1.0949017874147615,1.25,1.0,2.25,16.0,0.04,8.0,0.05,10.0,5.0,10.0,18.0,1.0,0.0,0.0,6.0,1.0,0.0,0.001,0.32,0.5
1.0565893604586936,0.4265171114046373,1.4831064718633304,0.6943787271758322,0.7887277446874986,19.018608488256483,7.677308005283471,26.695916493539947,0.46819209567836056,0.5318079043216397,0.06361580864327912,0.2875836087942992,1.4036734869443268,0.5079528373478125,0.5703168036930417,1.0782696410408543,1.25,0.9122258581762154,2.159090909090909,16.0,0.04,8.0,0.05,11.0,5.0,10.0,18.0,1.0,4.440892098500626e-16,2.220446049250313e-16,6.0,1.0,0.0,0.001,0.32,0.55
1.0401261982166248,0.42026394110885046,1.4603901393254752,0.6943787271758322,0.7660114121496431,18.722271567899245,7.564750939959309,26.287022507858556,0.47547481215981896,0.5245251878401811,0.04905037568036211,0.28777511556121704,1.4040509140423778,0.5079528373478125,0.5535104740997487,1.0614633114475613,1.25,0.8494368738365675,2.0833333333333335,16.0,0.04,8.0,0.05,12.0,5.0,10.0,18.0,1.0,0.0,0.0,6.0,1.0,0.0,0.001,0.32,0.6000000000000001
1.0238110351429779,0.4138731581780879,1.4376841933210658,0.6943787271758322,0.7433054661452336,18.428598632573603,7.449716847205583,25.878315479779182,0.4829841841495175,0.5170158158504825,0.034031631700965,0.28787487551215024,1.404247604266435,0.5079528373478125,0.5368577965736848,1.0448106339214973,1.25,0.7983720503247849,2.019230769230769,16.0,0.04,8.0,0.05,13.0,5.0,10.0,18.0,1.0,0.0,0.0,6.0,1.0,0.0,0.001,0.32,0.65
1.0078514305665274,0.4074966606569514,1.4153480912234786,0.6943787271758322,0.7209693640476463,18.141325750197492,7.334939891825125,25.476265642022614,0.4906063260915453,0.5093936739084546,0.018787347816909307,0.28791267899665335,1.4043221533434662,0.5079528373478125,0.5205696867527073,1.0285225241005198,1.25,0.7548538106163866,1.9642857142857144,16.0,0.04,8.0,0.05,14.0,5.0,10.0,18.0,1.0,2.220446049250313e-16,1.1102230246251565e-16,6.0,1.0,0.0,0.001,0.32,0.7000000000000001
0.9923761814034275,0.4012312085444982,1.393607389947926,0.6943787271758322,0.6992286627720937,17.862771265261696,7.222161753800967,25.084933019062667,0.49825993474516417,0.5017400652548357,0.0034801305096715885,0.2879083531262637,1.4043136222567068,0.5079528373478125,0.5047769944913968,1.0127298318392093,1.25,0.7168525784629589,1.9166666666666665,16.0,0.04,8.0,0.05,15.0,5.0,10.0,18.0,1.0,2.220446049250313e-16,1.1102230246251565e-16,6.0,1.0,0.0,0.001,0.32,0.75
0.9774604285322368,0.39513690959045344,1.3725973381226901,0.6943787271758322,0.678218610946858,17.59428771358026,7.112464372628162,24.70675208620842,0.5058866922513038,0.49411330774869616,0.011773384502607637,0.28787532848554453,1.4042484974903735,0.5079528373478125,0.48955601133242643,0.9975088486802389,1.25,0.6831393936739637,1.875,16.0,0.04,8.0,0.05,16.0,5.0,10.0,18.0,1.0,0.0,0.0,6.0,1.0,0.0,0.001,0.32,0.8
1.1836709247327395,0.448867197426882,1.6325381221596214,0.6943787271758322,0.9381593949837892,21.30607664518931,8.079609553683877,29.385686198873184,0.4253369141893394,0.5746630858106606,0.1493261716213212,0.2749505149889505,1.379216206166618,0.5079528373478125,0.7004215109891178,1.2083743483369302,1.25,2.5,3.75,16.0,0.04,8.0,0.055,4.0,5.0,10.0,18.0,1.0,2.220446049250313e-16,0.0,6.0,1.0,0.0,0.001,0.32,0.22
1.1867640721906645,0.46274631779415276,1.6495103899848171,0.6943787271758322,0.9551316628089849,21.36175329943196,8.32943372029475,29.69118701972671,0.4209605052455738,0.5790394947544261,0.15807898950885227,0.2805355580684836,1.3899227560368952,0.5079528373478125,0.7033886902217622,1.2113415275695747,1.25,2.0,3.25,16.0,0.04,8.0,0.055,5.0,5.0,10.0,18.0,1.0,0.0,1.1102230246251565e-16,6.0,1.0,0.0,0.001,0.32,0.275
1.180262081737022,0.46752195369550176,1.6477840354325237,0.6943787271758322,0.9534053082566916,21.244717471266394,8.415395166519032,29.660112637785428,0.4214015382140573,0.5785984617859428,0.15719692357188544,0.28372768739246995,1.3961170666496698,0.5079528373478125,0.696648558428631,1.2046013957764434,1.25,1.6666666666666667,2.916666666666667,16.0,0.04,8.0,0.055,6.0,5.0,10.0,18.0,1.0,0.0,0.0,6.0,1.0,0.0,0.001,0.32,0.33
1.1674727862696868,0.4667285942731969,1.6342013805428837,0.6943787271758322,0.9398226533670512,21.014510152854363,8.401114696917544,29.415624849771906,0.42490401455000526,0.5750959854499945,0.15019197089998923,0.2856004160993605,1.3997768511285729,0.5079528373478125,0.6835368272740641,1.1914896646218764,1.25,1.4285714285714286,2.678571428571429,16.0,0.04,8.0,0.055,7.0,5.0,10.0,18.0,1.0,0.0,2.220446049250313e-16,6.0,1.0,0.0,0.001,0.32,0.385
1.1508689700975985,0.46261262545374876,1.613481595551347,0.6943787271758322,0.9191028683755149,20.71564146175677,8.327027258167478,29.042668719924247,0.4303604882078337,0.5696395117921663,0.13927902358433267,0.2867170141446009,1.4019681105960458,0.5079528373478125,0.6665573147611199,1.1745101521089323,1.25,1.25,2.5,16.0,0.04,8.0,0.055,8.0,5.0,10.0,18.0,1.0,2.220446049250313e-16,0.0,6.0,1.0,0.0,0.001,0.32,0.44
1.1321597636930543,0.45657800836353374,1.5887377720565878,0.6943787271758322,0.8943590448807557,20.378875746474975,8.218404150543607,28.59727989701858,0.43706314496254056,0.5629368550374595,0.1258737100749189,0.28738412115204076,1.403280546620202,0.5079528373478125,0.6474437836452704,1.1553966209930828,1.25,1.1111111111111112,2.361111111111111,16.0,0.04,8.0,0.055,9.0,5.0,10.0,18.0,1.0,2.220446049250313e-16,0.0,6.0,1.0,0.0,0.001,0.32,0.495
1.1124799536877343,0.4494992926443454,1.5619792463320799,0.6943787271758322,0.8676005191562476,20.024639166379217,8.090987267598218,28.115626433977436,0.44455054624215273,0.5554494537578472,0.11089890751569444,0.2877754577724914,1.404051588663967,0.5079528373478125,0.627348484062347,1.1353013214101595,1.25,1.0034484439938371,2.25,16.0,0.04,8.0,0.055,10.0,5.0,10.0,18.0,1.0,2.220446049250313e-16,1.1102230246251565e-16,6.0,1.0,0.0,0.001,0.32,0.55
1.0925638771062494,0.4419212788508261,1.5344851559570756,0.6943787271758322,0.8401064287812433,19.666149787912488,7.95458301931487,27.62073280722736,0.45251576692036516,0.5474842330796348,0.09496846615926965,0.2879931924627807,1.404480953572521,0.5079528373478125,0.6070174423658006,1.1149702797136132,1.25,0.9282924440921838,2.159090909090909,16.0,0.04,8.0,0.055,11.0,5.0,10.0,18.0,1.0,2.220446049250313e-16,0.0,6.0,1.0,0.0,0.001,0.32,0.605
1.0728758180530618,0.4341827325574911,1.5070585506105527,0.6943787271758322,0.8126798234347207,19.31176472495511,7.81528918603484,27.12705391098995,0.46075099530440894,0.5392490046955911,0.07849800939118215,0.2880994453610254,1.4046905757885368,0.5079528373478125,0.586922444807833,1.0948752821556456,1.25,0.8680614976399431,2.0833333333333335,16.0,0.04,8.0,0.055,12.0,5.0,10.0,18.0,1.0,2.220446049250313e-16,0.0,6.0,1.0,0.0,0.001,0.32,0.66
1.0537007511535557,0.42649272526607823,1.480193476419634,0.6943787271758322,0.7858147492438019,18.966613520764003,7.6768690547894085,26.643482575553413,0.4691134897144866,0.5308865102855134,0.061773020571026814,0.28813309345052657,1.4047569718434467,0.5079528373478125,0.5673530683177712,1.0753059056655836,1.25,0.8172347178355158,2.019230769230769,16.0,0.04,8.0,0.055,13.0,5.0,10.0,18.0,1.0,2.220446049250313e-16,0.0,6.0,1.0,0.0,0.001,0.32,0.715
1.0352055507736224,0.41897802987370725,1.4541835806473296,0.6943787271758322,0.7598048534714973,18.633699913925202,7.54160453772673,26.175304451651932,0.47750417238704457,0.5224958276129553,0.044991655225910816,0.2881190761947671,1.4047293115464843,0.5079528373478125,0.5484788292425705,1.056431666590383,1.25,0.7731961846716937,1.9642857142857144,16.0,0.04,8.0,0.055,14.0,5.0,10.0,18.0,1.0,2.220446049250313e-16,1.1102230246251565e-16,6.0,1.0,0.0,0.001,0.32,0.77
1.0174797593587137,0.4117128440485165,1.42919260340723,0.6943787271758322,0.7348138762313979,18.314635668456848,7.410831192873297,25.72546686133014,0.48585384889371547,0.5141461511062846,0.02829230221256911,0.28807372992764096,1.4046398370695907,0.5079528373478125,0.5303906076777917,1.0383434450256042,1.25,0.7343842890957765,1.9166666666666665,16.0,0.04,8.0,0.055,15.0,5.0,10.0,18.0,1.0,2.220446049250313e-16,0.0,6.0,1.0,0.0,0.001,0.32,0.825
1.0005626302831607,0.4047376407848045,1.4053002710679654,0.6943787271758322,0.7109215438921329,18.010127345096894,7.2852775341264815,25.295404879223376,0.494114134517412,0.5058858654825878,0.011771730965175831,0.28800794329685997,1.4045100511801678,0.5079528373478125,0.5131281390385517,1.0210809763863642,1.25,0.6997601323977649,1.875,16.0,0.04,8.0,0.055,16.0,5.0,10.0,18.0,1.0,2.220446049250313e-16,2.220446049250313e-16,6.0,1.0,0.0,0.001,0.32,0.88
1.2487298976067376,0.47876528793963535,1.7274951855463727,0.6943787271758322,1.0331164583705406,22.477138156921278,8.617775182913437,31.094913339834708,0.40195696809204934,0.5980430319079507,0.19608606381590135,0.27714420968890363,1.3834017979846691,0.5079528373478125,0.7667577620244521,1.2747105993722645,1.25,2.5,3.75,16.0,0.04,8.0,0.06,4.0,5.0,10.0,18.0,1.0,2.220446049250313e-16,0.0,6.0,1.0,0.0,0.001,0.32,0.24
1.2472445442406386,0.49026100009683754,1.7375055443374763,0.6943787271758322,1.043126817161644,22.450401796331494,8.824698001743077,31.275099798074574,0.39964115765777536,0.6003588423422245,0.20071768468444914,0.28216370399196494,1.3930752813156813,0.5079528373478125,0.7650654846948776,1.27301832204269,1.25,2.0,3.25,16.0,0.04,8.0,0.06,5.0,5.0,10.0,18.0,1.0,2.220446049250313e-16,2.220446049250313e-16,6.0,1.0,0.0,0.001,0.32,0.3
1.2353610645300044,0.4922408928162824,1.7276019573462866,0.6943787271758322,1.0332232301704545,22.236499161540078,8.860336070693084,31.09683523223316,0.40193212575566006,0.5980678742443399,0.19613574848867987,0.2849272604277421,1.3984591282254444,0.5079528373478125,0.752843879767479,1.2607967171152916,1.25,1.6666666666666667,2.916666666666667,16.0,0.04,8.0,0.06,6.0,5.0,10.0,18.0,1.0,2.220446049250313e-16,0.0,6.0,1.0,0.0,0.001,0.32,0.36
1.2171842661923136,0.488727178059838,1.7059114442521515,0.6943787271758322,1.0115327170763195,21.909316791461645,8.797089205077084,30.706405996538727,0.40704265717628646,0.5929573428237137,0.18591468564742727,0.286490356639872,1.4015227534847379,0.5079528373478125,0.7342421116559278,1.2421949490037403,1.25,1.4285714285714286,2.678571428571429,16.0,0.04,8.0,0.06,7.0,5.0,10.0,18.0,1.0,0.0,2.220446049250313e-16,6.0,1.0,0.0,0.001,0.32,0.42
1.1955535669449007,0.4821442765083821,1.6776978434532825,0.6943787271758322,0.9833191162774504,21.51996420500821,8.678596977150878,30.198561182159086,0.4138878343829545,0.5861121656170455,0.17222433123409098,0.2873844526830662,1.403281199470172,0.5079528373478125,0.7121386206908237,1.2200914580386362,1.25,1.25,2.5,16.0,0.04,8.0,0.06,8.0,5.0,10.0,18.0,1.0,2.220446049250313e-16,0.0,6.0,1.0,0.0,0.001,0.32,0.48
1.1723120051737717,0.47393983971279247,1.6462518448865642,0.6943787271758322,0.9518731177107318,21.10161609312789,8.530917114830265,29.632533207958154,0.421793742757311,0.5782062572426888,0.1564125144853778,0.2878902406001249,1.40427790351131,0.5079528373478125,0.6884042947104257,1.1963571320582382,1.25,1.1124816555094001,2.361111111111111,16.0,0.04,8.0,0.06,9.0,5.0,10.0,18.0,1.0,0.0,2.220446049250313e-16,6.0,1.0,0.0,0.001,0.32,0.54
1.1486147522262942,0.4649776695291096,1.6135924217554036,0.6943787271758322,0.9192136945795716,20.675065540073295,8.369598051523973,29.044663591597264,0.4303309298022283,0.5696690701977718,0.13933814039554349,0.2881630226195951,1.404816034817479,0.5079528373478125,0.6642125689196985,1.1721654062675109,1.25,1.0193242486038812,2.25,16.0,0.04,8.0,0.06,10.0,5.0,10.0,18.0,1.0,2.220446049250313e-16,0.0,6.0,1.0,0.0,0.001,0.32,0.6
1.1251660353153154,0.4557724992438492,1.5809385345591647,0.6943787271758322,0.8865598073833325,20.252988635675678,8.203904986389286,28.456893622064964,0.4392193067578402,0.5607806932421597,0.12156138648431952,0.28829235879871745,1.4050713271985,0.5079528373478125,0.640279030699453,1.1482318680472656,1.25,0.9469761792435744,2.159090909090909,16.0,0.04,8.0,0.06,11.0,5.0,10.0,18.0,1.0,0.0,0.0,6.0,1.0,0.0,0.001,0.32,0.6599999999999999
1.1023809317010516,0.4466286862020029,1.5490096179030544,0.6943787271758322,0.8546308907272222,19.84285677061893,8.039316351636053,27.88217312225498,0.44827270221590726,0.5517272977840928,0.10345459556818551,0.2883317708553798,1.4051491397921978,0.5079528373478125,0.6170254617741865,1.124978299121999,1.25,0.8868865872459,2.0833333333333335,16.0,0.04,8.0,0.06,12.0,5.0,10.0,18.0,1.0,0.0,0.0,6.0,1.0,0.0,0.001,0.32,0.72
1.0804910578678122,0.43772258542558856,1.518213643293401,0.6943787271758322,0.8238349161175685,19.44883904162062,7.879006537660594,27.327845579281217,0.4573656219223164,0.5426343780776834,0.08526875615536703,0.28831422201954016,1.4051144914511082,0.5079528373478125,0.5946871403999431,1.1026399777477556,1.25,0.8354030310147256,2.019230769230769,16.0,0.04,8.0,0.06,13.0,5.0,10.0,18.0,1.0,2.220446049250313e-16,2.220446049250313e-16,6.0,1.0,0.0,0.001,0.32,0.78
1.059612456624832,0.4291520444902639,1.4887645011150956,0.6943787271758322,0.7943857739392636,19.073024219246975,7.724736800824751,26.79776102007172,0.46641273798222443,0.5335872620177756,0.06717452403555123,0.28826053023753984,1.405008493253501,0.5079528373478125,0.573381820755807,1.0813346581036196,1.25,0.7904307676556751,1.9642857142857144,16.0,0.04,8.0,0.06,14.0,5.0,10.0,18.0,1.0,2.220446049250313e-16,0.0,6.0,1.0,0.0,0.001,0.32,0.84
1.039788982524634,0.42096653972473463,1.4607555222493687,0.6943787271758322,0.7663767950735364,18.716201685443412,7.577397715045223,26.293599400488635,0.4753558802958222,0.5246441197041777,0.04928823940835549,0.288184116584069,1.4048576651606917,0.5079528373478125,0.5531538398663687,1.0611066772141813,1.25,0.7506069454627772,1.9166666666666665,16.0,0.04,8.0,0.06,15.0,5.0,10.0,18.0,1.0,0.0,1.1102230246251565e-16,6.0,1.0,0.0,0.001,0.32,0.8999999999999999
1.0210200235567302,0.41318576100634663,1.4342057845630767,0.6943787271758322,0.7398270573872443,18.378360424021142,7.43734369811424,25.81570412213538,0.48415557561523226,0.5158444243847676,0.03168884876953536,0.2880937766767002,1.4046793906813024,0.5079528373478125,0.5340023104641672,1.0419551478119797,1.25,0.7149770322850432,1.875,16.0,0.04,8.0,0.06,16.0,5.0,10.0,18.0,1.0,0.0,1.1102230246251565e-16,6.0,1.0,0.0,0.001,0.32,0.96
1.312363891224856,0.5079343764867413,1.8202982677115973,0.6943787271758322,1.1259195405357652,23.622550042047408,9.142818776761343,32.76536881880875,0.3814642575300453,0.6185357424699547,0.23707148493990934,0.2790390923819837,1.3870377567403778,0.5079528373478125,0.8316445766571335,1.339597414004946,1.25,2.5,3.75,16.0,0.04,8.0,0.065,4.0,5.0,10.0,18.0,1.0,2.220446049250313e-16,0.0,6.0,1.0,0.0,0.001,0.32,0.26
1.3054247960693999,0.5165720954649413,1.8219968915343412,0.6943787271758322,1.127618164358509,23.497646329249196,9.298297718368943,32.79594404761814,0.38110862340225043,0.6188913765977496,0.23778275319549916,0.2835197457608861,1.3957118763335328,0.5079528373478125,0.8243997241352388,1.3323525614830514,1.25,2.0,3.25,16.0,0.04,8.0,0.065,5.0,5.0,10.0,18.0,1.0,0.0,0.0,6.0,1.0,0.0,0.001,0.32,0.325
1.2876188809973157,0.5155148759079654,1.8031337569052812,0.6943787271758322,1.1087550297294486,23.177139857951683,9.279267766343377,32.45640762429506,0.385095517465989,0.6149044825340108,0.22980896506802168,0.2858994092555528,1.400362936204133,0.5079528373478125,0.8061441971387547,1.3140970344865672,1.25,1.6666666666666667,2.916666666666667,16.0,0.04,8.0,0.065,6.0,5.0,10.0,18.0,1.0,2.220446049250313e-16,2.220446049250313e-16,6.0,1.0,0.0,0.001,0.32,0.39
1.2637796194988444,0.509188580126136,1.7729681996249802,0.6943787271758322,1.078589472449148,22.7480331509792,9.165394442270447,31.913427593249644,0.3916475926205037,0.6083524073794963,0.21670481475899256,0.2871955516369893,1.4029093144642228,0.5079528373478125,0.7817712195864384,1.2897240569342507,1.25,1.4285714285714286,2.678571428571429,16.0,0.04,8.0,0.065,7.0,5.0,10.0,18.0,1.0,2.220446049250313e-16,0.0,6.0,1.0,0.0,0.001,0.32,0.455
1.2370283563324243,0.5001340183593108,1.7371623746917348,0.6943787271758322,1.0427836475159027,22.266510413983635,9.002412330467594,31.268922744451228,0.3997201052083873,0.6002798947916127,0.20055978958322543,0.2879028613822362,1.4043027920896833,0.5079528373478125,0.7544475667371672,1.2624004040849797,1.25,1.25,2.5,16.0,0.04,8.0,0.065,8.0,5.0,10.0,18.0,1.0,2.220446049250313e-16,0.0,6.0,1.0,0.0,0.001,0.32,0.52
1.2092751442252156,0.48980346884380527,1.6990786130690212,0.6943787271758322,1.0046998858931888,21.766952596053883,8.816462439188495,30.583415035242382,0.4086795759977144,0.5913204240022855,0.18264084800457114,0.2882759308935567,1.4050388955588955,0.5079528373478125,0.7261130491467689,1.2340658864945815,1.25,1.1267574123741986,2.361111111111111,16.0,0.04,8.0,0.065,9.0,5.0,10.0,18.0,1.0,2.220446049250313e-16,2.220446049250313e-16,6.0,1.0,0.0,0.001,0.32,0.585
1.1816493172353881,0.47902651592924794,1.660675833164636,0.6943787271758322,0.9662971059888039,21.269687710236987,8.622477286726463,29.892164996963448,0.4181302053710279,0.5818697946289721,0.16373958925794418,0.28845275300743073,1.4053880529038754,0.5079528373478125,0.6979151355457907,1.205867972893603,1.25,1.03788366542222,2.25,16.0,0.04,8.0,0.065,10.0,5.0,10.0,18.0,1.0,0.0,0.0,6.0,1.0,0.0,0.001,0.32,0.65
1.1547948098781522,0.46827407549490074,1.623068885373053,0.6943787271758322,0.9286901581972208,20.78630657780674,8.428933358908214,29.215239936714955,0.4278183960234277,0.5721816039765723,0.14436320795314458,0.28851152265621227,1.4055041393408327,0.5079528373478125,0.6705081716482743,1.1784610089960867,1.25,0.9658228483510641,2.159090909090909,16.0,0.04,8.0,0.065,11.0,5.0,10.0,18.0,1.0,0.0,0.0,6.0,1.0,0.0,0.001,0.32,0.7150000000000001
1.1290583603427726,0.4578081926270911,1.5868665529698638,0.6943787271758322,0.8924878257940316,20.323050486169908,8.240547467287639,28.56359795345755,0.43757852598019886,0.5624214740198011,0.12484294803960228,0.2884982305350696,1.4054778820185208,0.5079528373478125,0.6442444020999393,1.1521972394477518,1.25,0.9050199502659524,2.0833333333333335,16.0,0.04,8.0,0.065,12.0,5.0,10.0,18.0,1.0,0.0,0.0,6.0,1.0,0.0,0.001,0.32,0.78
1.1046063534930202,0.44776807409819175,1.5523744275912121,0.6943787271758322,0.85799570041538,19.882914362874363,8.059825333767451,27.94273969664182,0.4473010601271534,0.5526989398728466,0.10539787974569316,0.2884407692756085,1.4053643840470824,0.5079528373478125,0.6192926797473937,1.127245517095206,1.25,0.8525084793030869,2.019230769230769,16.0,0.04,8.0,0.065,13.0,5.0,10.0,18.0,1.0,2.220446049250313e-16,0.0,6.0,1.0,0.0,0.001,0.32,0.845
1.081496794394861,0.4382202627984193,1.51971705719328,0.6943787271758322,0.8253383300174478,19.466942299107497,7.887964730371547,27.35490702947904,0.4569131628082529,0.543086837191747,0.08617367438349414,0.2883564810463832,1.4051979303772417,0.5079528373478125,0.5957116332773754,1.103664470625188,1.25,0.8064319701333241,1.9642857142857144,16.0,0.04,8.0,0.065,14.0,5.0,10.0,18.0,1.0,2.220446049250313e-16,1.1102230246251565e-16,6.0,1.0,0.0,0.001,0.32,0.91
1.059723613082233,0.42918834254976806,1.488911955632001,0.6943787271758322,0.7945332284561686,19.075025035480195,7.725390165895825,26.80041520137602,0.4663665467586954,0.5336334532413045,0.06726690648260909,0.2882563612484324,1.4050002635134862,0.5079528373478125,0.5734947249529502,1.0814475623007627,1.25,0.7655249051496154,1.9166666666666665,16.0,0.04,8.0,0.065,15.0,5.0,10.0,18.0,1.0,0.0,1.1102230246251565e-16,6.0,1.0,0.0,0.001,0.32,0.9750000000000001
1.0392439721289033,0.42067075459167264,1.4599147267205759,0.6943787271758322,0.7655359995447436,18.706391498320258,7.572073582650107,26.278465080970367,0.4756296477230718,0.5243703522769281,0.048740704553856304,0.28814748347434677,1.4047853688580207,0.5079528373478125,0.5525980295409337,1.0605508668887462,1.25,0.72887158830193,1.875,16.0,0.04,8.0,0.065,16.0,5.0,10.0,18.0,1.0,0.0,1.1102230246251565e-16,6.0,1.0,0.0,0.001,0.32,1.04
1.3743773391572278,0.5362549339750725,1.9106322731323004,0.6943787271758322,1.2162535459564683,24.7387921048301,9.652588811551306,34.39138091638141,0.3634287648860155,0.6365712351139845,0.273142470227969,0.2806688348752392,1.3901802792411477,0.5079528373478125,0.8948821083998797,1.402834945747692,1.25,2.5,3.75,16.0,0.04,8.0,0.07,4.0,5.0,10.0,18.0,1.0,0.0,0.0,6.0,1.0,0.0,0.001,0.32,0.28
1.3612378997729937,0.5416575158330917,1.902895415606085,0.6943787271758322,1.2085166884302532,24.502282195913885,9.749835284995651,34.25211748090953,0.3649064060384358,0.6350935939615643,0.2701871879231285,0.28464912542793114,1.3979153944534022,0.5079528373478125,0.8813226113236288,1.3892754486714414,1.25,2.0,3.25,16.0,0.04,8.0,0.07,5.0,5.0,10.0,18.0,1.0,4.440892098500626e-16,0.0,6.0,1.0,0.0,0.001,0.32,0.35000000000000003
1.337101072529654,0.5373991579018859,1.87450023043154,0.6943787271758322,1.1801215032557077,24.06781930553377,9.673184842233946,33.74100414776772,0.3704340580507558,0.6295659419492442,0.2591318838984884,0.2866892994609918,1.4019136390977411,0.5079528373478125,0.8566157969319153,1.3645686342797276,1.25,1.6666666666666667,2.916666666666667,16.0,0.04,8.0,0.07,6.0,5.0,10.0,18.0,1.0,0.0,0.0,6.0,1.0,0.0,0.001,0.32,0.42000000000000004
1.3074319727797907,0.5282213643740361,1.8356533371538266,0.6943787271758322,1.1412746099779947,23.533775510036232,9.50798455873265,33.04176006876888,0.37827334449349986,0.6217266555065002,0.24345331101300033,0.28775660070601417,1.4040144155653165,0.5079528373478125,0.8263002129159278,1.3342530502637402,1.25,1.4285714285714286,2.678571428571429,16.0,0.04,8.0,0.07,7.0,5.0,10.0,18.0,1.0,2.220446049250313e-16,0.0,6.0,1.0,0.0,0.001,0.32,0.49000000000000005
1.2755443223229541,0.5167240803050756,1.7922684026280296,0.6943787271758322,1.0978896754521976,22.959797801813174,9.30103344549136,32.26083124730453,0.387430100401064,0.612569899598936,0.22513979919787205,0.2883073090768076,1.4051008430377745,0.5079528373478125,0.7937396995287546,1.301692536876567,1.25,1.2576819768426795,2.5,16.0,0.04,8.0,0.07,8.0,5.0,10.0,18.0,1.0,0.0,0.0,6.0,1.0,0.0,0.001,0.32,0.56
1.2433521772541838,0.5043305721343203,1.7476827493885037,0.6943787271758322,1.0533040222126717,22.38033919057531,9.077950298417765,31.458289488993067,0.39731394466117387,0.6026860553388262,0.20537211067765238,0.28857100770193006,1.4056216584170724,0.5079528373478125,0.760878724107705,1.2688315614555175,1.25,1.1448275447946958,2.361111111111111,16.0,0.04,8.0,0.07,9.0,5.0,10.0,18.0,1.0,4.440892098500626e-16,0.0,6.0,1.0,0.0,0.001,0.32,0.6300000000000001
1.2119186315258277,0.4918172053167101,1.7037358368425375,0.6943787271758322,1.0093571096667053,21.8145353674649,8.852709695700781,30.667245063165673,0.40756243553736315,0.5924375644626368,0.1848751289252737,0.288669871632315,1.4058170181751417,0.5079528373478125,0.7287975614537887,1.2367503988016013,1.25,1.0567953348629413,2.25,16.0,0.04,8.0,0.07,10.0,5.0,10.0,18.0,1.0,2.220446049250313e-16,0.0,6.0,1.0,0.0,0.001,0.32,0.7000000000000001
1.1818024933023523,0.4796005928372035,1.661403086139556,0.6943787271758322,0.9670243589637239,21.272444879442343,8.632810671069663,29.905255550512006,0.4179471754740109,0.5820528245259892,0.16410564905197833,0.2886720247713068,1.40582127348288,0.5079528373478125,0.6980639644905446,1.206016801838357,1.25,0.9840678714003377,2.159090909090909,16.0,0.04,8.0,0.07,11.0,5.0,10.0,18.0,1.0,0.0,0.0,6.0,1.0,0.0,0.001,0.32,0.77
1.1532672947009233,0.4678948354040483,1.621162130104972,0.6943787271758322,0.9267834029291395,20.758811304616618,8.42210703727287,29.180918341889495,0.4283215813404613,0.5716784186595386,0.14335683731907736,0.2886169290012663,1.4057123943026477,0.5079528373478125,0.6689454575484435,1.1768982948962559,1.25,0.9221692289316209,2.0833333333333335,16.0,0.04,8.0,0.07,12.0,5.0,10.0,18.0,1.0,2.220446049250313e-16,1.1102230246251565e-16,6.0,1.0,0.0,0.001,0.32,0.8400000000000001
1.1264055148738283,0.4567991061669473,1.583204621040776,0.6943787271758322,0.8888258938649436,20.27529926772891,8.222383911005052,28.49768317873397,0.43859063948370586,0.561409360516294,0.1228187210325881,0.28852815365499257,1.405536993680393,0.5079528373478125,0.6415356050679425,1.149488442415755,1.25,0.8684651986051182,2.019230769230769,16.0,0.04,8.0,0.07,13.0,5.0,10.0,18.0,1.0,4.440892098500626e-16,2.220446049250313e-16,6.0,1.0,0.0,0.001,0.32,0.9100000000000001
1.1012122432269214,0.4463473049560577,1.5475595481829794,0.6943787271758322,0.8531808210071472,19.821820378084585,8.034251489209039,27.85607186729363,0.44869273559852096,0.551307264401479,0.10261452880295803,0.2884201163568297,1.405323594703334,0.5079528373478125,0.6158289227495285,1.123781760097341,1.25,0.8212231369403348,1.9642857142857144,16.0,0.04,8.0,0.07,14.0,5.0,10.0,18.0,1.0,2.220446049250313e-16,0.0,6.0,1.0,0.0,0.001,0.32,0.9800000000000001
1.0776289153404626,0.43653664792530694,1.5141655632657691,0.6943787271758322,0.8197868360899372,19.397320476128325,7.857659662655525,27.254980138783843,0.4585883763451788,0.5414116236548213,0.08282324730964256,0.28830179375086296,1.4050899541679323,0.5079528373478125,0.5917653675965974,1.0997182049444099,1.25,0.7792227392571907,1.9166666666666665,16.0,0.04,8.0,0.07,15.0,5.0,10.0,18.0,1.0,4.440892098500626e-16,0.0,6.0,1.0,0.0,0.001,0.32,1.05
1.0555692895999238,0.42734432458068056,1.4829136141806043,0.6943787271758322,0.788534887004772,19.000247212798627,7.69219784245225,26.69244505525088,0.46825298556552575,0.5317470144344741,0.06349402886894838,0.2881788396128611,1.4048472504752867,0.5079528373478125,0.5692567671421587,1.0772096044899713,1.25,0.741563686142009,1.875,16.0,0.04,8.0,0.07,16.0,5.0,10.0,18.0,1.0,0.0,1.1102230246251565e-16,6.0,1.0,0.0,0.001,0.32,1.12
1.434634823258729,0.5636524253691584,1.9982872486278875,0.6943787271758322,1.3039085214520554,25.823426818657122,10.14574365664485,35.96917047530198,0.34748694295708654,0.6525130570429135,0.3050261140858269,0.28206776866348265,1.3928891284604674,0.5079528373478125,0.9563318558685965,1.4642846932164089,1.25,2.5,3.75,16.0,0.04,8.0,0.075,4.0,5.0,10.0,18.0,1.0,2.220446049250313e-16,0.0,6.0,1.0,0.0,0.001,0.32,0.3
1.4146738987594396,0.5655276288491949,1.9802015276086344,0.6943787271758322,1.2858228004328025,25.46413017766991,10.17949731928551,35.64362749695542,0.3506606360486904,0.6493393639513096,0.2986787279026193,0.2855909466609428,1.3997582971914015,0.5079528373478125,0.9358235128443301,1.4437763501921426,1.25,2.0,3.25,16.0,0.04,8.0,0.075,5.0,5.0,10.0,18.0,1.0,2.220446049250313e-16,0.0,6.0,1.0,0.0,0.001,0.32,0.375
1.3839116384143275,0.5579656309856971,1.9418772694000248,0.6943787271758322,1.2474985422241927,24.910409491457894,10.043381357742547,34.953790849200445,0.3575811603121406,0.6424188396878594,0.28483767937571874,0.2873331079044402,1.4031800987128116,0.5079528373478125,0.9043642841452805,1.412317121493093,1.25,1.6666666666666667,2.916666666666667,16.0,0.04,8.0,0.075,6.0,5.0,10.0,18.0,1.0,2.220446049250313e-16,0.0,6.0,1.0,0.0,0.001,0.32,0.44999999999999996
1.3483303967612241,0.5459366495247155,1.8942670462859397,0.6943787271758322,1.1998883191101075,24.269947141702033,9.82685969144488,34.096806833146914,0.3665685514285274,0.6334314485714726,0.2668628971429452,0.28820469141092075,1.4048982733283255,0.5079528373478125,0.8680215241150071,1.3759743614628195,1.25,1.4285714285714286,2.678571428571429,16.0,0.04,8.0,0.075,7.0,5.0,10.0,18.0,1.0,0.0,0.0,6.0,1.0,0.0,0.001,0.32,0.525
1.311347583240798,0.5320482621594983,1.843395845400296,0.6943787271758322,1.1490171182244642,23.60425649833436,9.57686871887097,33.18112521720533,0.37668454602871626,0.6233154539712839,0.24663090794256762,0.2886239889750664,1.405726345142316,0.5079528373478125,0.8302657111496239,1.3382185484974363,1.25,1.2741553107548513,2.5,16.0,0.04,8.0,0.075,8.0,5.0,10.0,18.0,1.0,0.0,0.0,6.0,1.0,0.0,0.001,0.32,0.6
1.274824133519109,0.5176664077727252,1.7924905412918344,0.6943787271758322,1.098111814116002,22.946834403343964,9.317995339909054,32.26482974325302,0.3873820872022001,0.6126179127977999,0.22523582559559976,0.2887972883804714,1.4060688797471417,0.5079528373478125,0.7929876913376954,1.300940528685508,1.25,1.163734375388232,2.361111111111111,16.0,0.04,8.0,0.075,9.0,5.0,10.0,18.0,1.0,0.0,0.0,6.0,1.0,0.0,0.001,0.32,0.6749999999999999
1.2397225580210025,0.5034991633129701,1.7432217213339727,0.6943787271758322,1.0488429941581405,22.315006044378045,9.062984939633461,31.377990984011507,0.398330699232264,0.6016693007677361,0.20333860153547206,0.2888325433024523,1.4061385832300393,0.5079528373478125,0.7571654917370948,1.2651183290849073,1.25,1.075278867694438,2.25,16.0,0.04,8.0,0.075,10.0,5.0,10.0,18.0,1.0,0.0,0.0,6.0,1.0,0.0,0.001,0.32,0.75
1.2064966070643266,0.48990104224522996,1.6963976493095567,0.6943787271758322,1.0020189221337241,21.71693892715788,8.818218760414139,30.53515768757202,0.4093254476380866,0.5906745523619131,0.18134910472382654,0.28878903625256874,1.4060525652345328,0.5079528373478125,0.7232599195606263,1.2312127569084388,1.25,1.0014331214942407,2.159090909090909,16.0,0.04,8.0,0.075,11.0,5.0,10.0,18.0,1.0,2.220446049250313e-16,2.220446049250313e-16,6.0,1.0,0.0,0.001,0.32,0.825
1.175315371113723,0.4770343499040293,1.6523497210177522,0.6943787271758322,0.9579709938419202,21.155676680047012,8.586618298272528,29.742294978319542,0.4202371437132176,0.5797628562867825,0.15952571257356488,0.2887005963908195,1.4058777427985087,0.5079528373478125,0.691442299832961,1.1993951371807734,1.25,0.9382586818284716,2.0833333333333335,16.0,0.04,8.0,0.075,12.0,5.0,10.0,18.0,1.0,0.0,0.0,6.0,1.0,0.0,0.001,0.32,0.8999999999999999
1.1461913338382257,0.4649565030947238,1.6111478369329493,0.6943787271758322,0.9167691097571172,20.631444009088064,8.369217055705029,29.000661064793086,0.4309838683070087,0.5690161316929914,0.13803226338598265,0.2885871131353378,1.4056534798057962,0.5079528373478125,0.6617246826380201,1.1696775199858327,1.25,0.8832979674803253,2.019230769230769,16.0,0.04,8.0,0.075,13.0,5.0,10.0,18.0,1.0,2.220446049250313e-16,0.0,6.0,1.0,0.0,0.001,0.32,0.975
1.1190535929956182,0.45366817284800337,1.5727217658436214,0.6943787271758322,0.8783430386677894,20.142964673921128,8.16602711126406,28.308991785185185,0.4415140314430388,0.5584859685569613,0.11697193711392251,0.2884605419094279,1.4054034370539568,0.5079528373478125,0.6340343224249264,1.141987159772739,1.25,0.8348815063469898,1.9642857142857144,16.0,0.04,8.0,0.075,14.0,5.0,10.0,18.0,1.0,2.220446049250313e-16,0.0,6.0,1.0,0.0,0.001,0.32,1.05
1.09378976142531,0.4431402160794476,1.5369299775047578,0.6943787271758322,0.8425512503289255,19.68821570565558,7.976523889430057,27.664739595085642,0.45179594213080054,0.5482040578691993,0.09640811573839882,0.2883281753661258,1.405142040735502,0.5079528373478125,0.6082563081345638,1.1162091454823764,1.25,0.7918077845702501,1.9166666666666665,16.0,0.04,8.0,0.075,15.0,5.0,10.0,18.0,1.0,2.220446049250313e-16,1.1102230246251565e-16,6.0,1.0,0.0,0.001,0.32,1.125
1.0702698628586715,0.43332887501505285,1.5035987378737243,0.6943787271758322,0.8092200106978921,19.264857531456087,7.799919750270951,27.06477728172704,0.46181119316299113,0.5381888068370088,0.07637761367401769,0.2881944923868676,1.4048781434036077,0.5079528373478125,0.5842578771391624,1.092210714486975,1.25,0.7531776912155056,1.875,16.0,0.04,8.0,0.075,16.0,5.0,10.0,18.0,1.0,0.0,1.1102230246251565e-16,6.0,1.0,0.0,0.001,0.32,1.2
1.4930502845048332,0.5900858970226635,2.0831361815274967,0.6943787271758322,1.3887574543516643,26.874905121086996,10.621546146407942,37.49645126749494,0.3333333333333333,0.6666666666666666,0.3333333333333333,0.2832680370372966,1.3952217170089247,0.5079528373478125,1.015905674695625,1.5238585120434376,1.25,2.5,3.75,16.0,0.04,8.0,0.08,4.0,5.0,10.0,18.0,1.0,0.0,0.0,6.0,1.0,0.0,0.001,0.32,0.32
1.4657635027479692,0.5882138247729927,2.053977327520962,0.6943787271758322,1.3595986003451301,26.383743049463444,10.587848845913868,36.971591895377315,0.33806542938519635,0.6619345706148038,0.32386914122960736,0.2863779540755372,1.401301999722484,0.5079528373478125,0.9879333317582076,1.4958861691060201,1.25,2.0,3.25,16.0,0.04,8.0,0.08,5.0,5.0,10.0,18.0,1.0,0.0,0.0,6.0,1.0,0.0,0.001,0.32,0.4
1.4281769465371088,0.5772939356753249,2.0054708822124336,0.6943787271758322,1.3110921550366015,25.70718503766796,10.391290842155849,36.09847587982381,0.346242238336462,0.653757761663538,0.307515523327076,0.2878595450054377,1.4042173745172724,0.5079528373478125,0.9495181609210983,1.457470998268911,1.25,1.6666666666666667,2.916666666666667,16.0,0.04,8.0,0.08,6.0,5.0,10.0,18.0,1.0,0.0,0.0,6.0,1.0,0.0,0.001,0.32,0.48
1.3866673072021931,0.5624424776332927,1.9491097848354855,0.6943787271758322,1.2547310576596533,24.960011529639477,10.123964597399269,35.08397612703874,0.35625429238427486,0.6437457076157251,0.2874914152314502,0.28856377511888875,1.4056073686255022,0.5079528373478125,0.9071310851757208,1.4150839225235332,1.25,1.437350830677348,2.678571428571429,16.0,0.04,8.0,0.08,7.0,5.0,10.0,18.0,1.0,4.440892098500626e-16,0.0,6.0,1.0,0.0,0.001,0.32,0.56
1.3446714458544275,0.5462293715298018,1.8909008173842294,0.6943787271758322,1.196522090208397,24.204086025379695,9.832128687536432,34.03621471291613,0.3672211259268471,0.6327788740731528,0.2655577481463058,0.28887256619066154,1.4062177219675533,0.5079528373478125,0.8642633094918378,1.3722161468396503,1.25,1.2926302973855794,2.5,16.0,0.04,8.0,0.08,8.0,5.0,10.0,18.0,1.0,0.0,1.1102230246251565e-16,6.0,1.0,0.0,0.001,0.32,0.64
1.3039467662119757,0.5299398152668189,1.8338865814787941,0.6943787271758322,1.1395078543029624,23.471041791815562,9.53891667480274,33.00995846661829,0.37863777083526334,0.6213622291647369,0.24272445832947354,0.2889708778170406,1.4064121550040862,0.5079528373478125,0.8227006156989158,1.3306534530467284,1.25,1.1825154496611998,2.361111111111111,16.0,0.04,8.0,0.08,9.0,5.0,10.0,18.0,1.0,4.440892098500626e-16,2.220446049250313e-16,6.0,1.0,0.0,0.001,0.32,0.72
1.2653266287506124,0.514201875940193,1.7795285046908051,0.6943787271758322,1.085149777514973,22.775879317511023,9.255633766923474,32.03151308443449,0.39020376765275877,0.6097962323472412,0.2195924646944825,0.28895399797461296,1.4063787675502548,0.5079528373478125,0.7832896181318819,1.2912424554796944,1.25,1.0930230298783417,2.25,16.0,0.04,8.0,0.08,10.0,5.0,10.0,18.0,1.0,2.220446049250313e-16,0.0,6.0,1.0,0.0,0.001,0.32,0.8
1.2291440857899258,0.4993023415926456,1.7284464273825715,0.6943787271758322,1.0340677002067393,22.124593544218666,8.98744214866762,31.112035692886288,0.4017357530874398,0.5982642469125602,0.19652849382512044,0.288873484119928,1.406219537127547,0.5079528373478125,0.7463682022378926,1.254321039585705,1.25,1.0178329198512943,2.159090909090909,16.0,0.04,8.0,0.08,11.0,5.0,10.0,18.0,1.0,0.0,0.0,6.0,1.0,0.0,0.001,0.32,0.88
1.1954655553528806,0.48534924833927723,1.6808148036921577,0.6943787271758322,0.9864360765163254,21.51837999635185,8.73628647010699,30.25466646645884,0.41312030668133504,0.5868796933186649,0.1737593866373298,0.2887583136899651,1.405991829849092,0.5079528373478125,0.712003080618891,1.2199559179667034,1.25,0.9533027097133909,2.0833333333333335,16.0,0.04,8.0,0.08,12.0,5.0,10.0,18.0,1.0,0.0,1.1102230246251565e-16,6.0,1.0,0.0,0.001,0.32,0.96
1.1642194822736622,0.47235739818800737,1.6365768804616696,0.6943787271758322,0.9421981532858376,20.95595068092592,8.502433167384133,29.458383848310053,0.42428726414609474,0.5757127358539053,0.15142547170781057,0.28862524200803685,1.405728821223226,0.5079528373478125,0.6801206517426898,1.1880734890905023,1.25,0.8970727240639138,2.019230769230769,16.0,0.04,8.0,0.08,13.0,5.0,10.0,18.0,1.0,0.0,0.0,6.0,1.0,0.0,0.001,0.32,1.04
1.1352672698044441,0.4602941853768414,1.5955614551812853,0.6943787271758322,0.9011827280054532,20.434810856479995,8.285295336783145,28.720106193263135,0.43519397195323817,0.5648060280467618,0.1296120560935237,0.288484146995481,1.4054500623946722,0.5079528373478125,0.6505791624481824,1.1585319997959949,1.25,0.8475013555908674,1.9642857142857144,16.0,0.04,8.0,0.08,14.0,5.0,10.0,18.0,1.0,2.220446049250313e-16,0.0,6.0,1.0,0.0,0.001,0.32,1.12
1.1084422918380312,0.44910444674888605,1.5575467385869173,0.6943787271758322,0.8631680114110852,19.951961253084562,8.083880041479949,28.035841294564513,0.44581565995625055,0.5541843400437495,0.108368680087499,0.28834091178306187,1.4051671882747963,0.5079528373478125,0.6232084022817721,1.1311612396295847,1.25,0.8033895372965392,1.9166666666666665,16.0,0.04,8.0,0.08,15.0,5.0,10.0,18.0,1.0,0.0,0.0,6.0,1.0,0.0,0.001,0.32,1.2
1.0835711068984244,0.43872398120912803,1.522295088107552,0.6943787271758322,0.8279163609317202,19.50427992417164,7.897031661764305,27.401311585935936,0.45613937310870006,0.5438606268913001,0.0877212537826,0.2881990388305921,1.4048871166977823,0.5079528373478125,0.5978312883915449,1.1057841257393575,1.25,0.7638307490021709,1.875,16.0,0.04,8.0,0.08,16.0,5.0,10.0,18.0,1.0,4.440892098500626e-16,2.220446049250313e-16,6.0,1.0,0.0,0.001,0.32,1.28
1.5495771690829505,0.6155391006604106,2.1651162697433612,0.6943787271758322,1.4707375425675289,27.89238904349311,11.079703811887391,38.9720928553805,0.32071198063563544,0.6792880193643644,0.35857603872872895,0.2842984043223566,1.3972303625412152,0.5079528373478125,1.0735557368562738,1.5815085742040864,1.25,2.5,3.75,16.0,0.04,8.0,0.085,4.0,5.0,10.0,18.0,1.0,0.0,1.1102230246251565e-16,6.0,1.0,0.0,0.001,0.32,0.34
1.5145655026945013,0.6097605318278648,2.1243260345223662,0.6943787271758322,1.4299473073465339,27.262179048501025,10.975689572901567,38.23786862140259,0.3268701300513677,0.6731298699486321,0.34625973989726444,0.28703716939804086,1.4025976629885368,0.5079528373478125,1.0377116693784727,1.5456645067262853,1.25,2.0,3.25,16.0,0.04,8.0,0.085,5.0,5.0,10.0,18.0,1.0,0.0,2.220446049250313e-16,6.0,1.0,0.0,0.001,0.32,0.42500000000000004
1.470034662048477,0.5954658939877214,2.065500556036199,0.6943787271758322,1.3711218288603664,26.460623916872585,10.718386091778985,37.17901000865158,0.3361793949396849,0.6638206050603148,0.3276412101206299,0.28829132591978135,1.4050692880655935,0.5079528373478125,0.9922175222392778,1.5001703595870903,1.25,1.6666666666666667,2.916666666666667,16.0,0.04,8.0,0.085,6.0,5.0,10.0,18.0,1.0,4.440892098500626e-16,2.220446049250313e-16,6.0,1.0,0.0,0.001,0.32,0.51
1.4226308269925896,0.577840851764778,2.0004716787573678,0.6943787271758322,1.3060929515815354,25.607354885866613,10.401135331766003,36.00849021763262,0.34710750197031487,0.652892498029685,0.3057849960593701,0.2888523031346863,1.4061776539640443,0.5079528373478125,0.9438205196071398,1.4517733569549522,1.25,1.453642140623907,2.678571428571429,16.0,0.04,8.0,0.085,7.0,5.0,10.0,18.0,1.0,0.0,2.220446049250313e-16,6.0,1.0,0.0,0.001,0.32,0.5950000000000001
1.3757325872640829,0.5593785174346602,1.935111104698743,0.6943787271758322,1.2407323775229109,24.76318657075349,10.068813313823883,34.83199988457737,0.35883145184262305,0.6411685481573769,0.28233709631475384,0.28906790730330906,1.406604105051473,0.5079528373478125,0.8959533041945467,1.4039061415423593,1.25,1.3115674431515845,2.5,16.0,0.04,8.0,0.085,8.0,5.0,10.0,18.0,1.0,0.0,0.0,6.0,1.0,0.0,0.001,0.32,0.68
1.3309502201113286,0.5412642855476556,1.872214505658984,0.6943787271758322,1.1778357784831517,23.957103962003913,9.742757139857801,33.699861101861714,0.3708863087413288,0.6291136912586711,0.2582273825173424,0.28910377732445824,1.4066750787286253,0.5079528373478125,0.8502520966177953,1.3582049339656077,1.25,1.2007637476429156,2.361111111111111,16.0,0.04,8.0,0.085,9.0,5.0,10.0,18.0,1.0,0.0,1.1102230246251565e-16,6.0,1.0,0.0,0.001,0.32,0.765
1.2889646134414265,0.5240372855112346,1.8130018989526615,0.6943787271758322,1.1186231717768291,23.201363041945676,9.432671139202224,32.63403418114791,0.3829994483607338,0.6170005516392661,0.23400110327853232,0.2890439804911189,1.4065567666067262,0.5079528373478125,0.8074082806962557,1.315361118044068,1.25,1.1099095142165214,2.25,16.0,0.04,8.0,0.085,10.0,5.0,10.0,18.0,1.0,4.440892098500626e-16,0.0,6.0,1.0,0.0,0.001,0.32,0.8500000000000001
1.249976134277391,0.5079126835898945,1.7578888178672853,0.6943787271758322,1.0635100906914534,22.499570416993038,9.1424283046181,31.641998721611138,0.39500719278609997,0.6049928072139001,0.2099856144278002,0.2889333377784989,1.4063379049100948,0.5079528373478125,0.7676245706885402,1.2755774080363527,1.25,1.0332638509947027,2.159090909090909,16.0,0.04,8.0,0.085,11.0,5.0,10.0,18.0,1.0,0.0,0.0,6.0,1.0,0.0,0.001,0.32,0.935
1.2139427383409154,0.49294282701563064,1.7068855653565462,0.6943787271758322,1.0125068381807139,21.850969290136476,8.872970886281351,30.723940176417834,0.4068103575712092,0.5931896424287907,0.18637928485758146,0.28879664637193253,1.4060676104783423,0.5079528373478125,0.7308571447885018,1.2388099821363143,1.25,0.9673539823028579,2.0833333333333335,16.0,0.04,8.0,0.085,12.0,5.0,10.0,18.0,1.0,2.220446049250313e-16,1.1102230246251565e-16,6.0,1.0,0.0,0.001,0.32,1.02
1.1807063866596696,0.479099680646037,1.6598060673057067,0.6943787271758322,0.9654273401298745,21.252714959874055,8.623794251628665,29.87650921150272,0.41834931252118385,0.5816506874788162,0.16330137495763236,0.2886479873059744,1.405773769041307,0.5079528373478125,0.6969442443627603,1.2048970817105729,1.25,0.9098703374943127,2.019230769230769,16.0,0.04,8.0,0.085,13.0,5.0,10.0,18.0,1.0,0.0,0.0,6.0,1.0,0.0,0.001,0.32,1.105
1.1500601188938202,0.4663176931044792,1.6163778119982992,0.6943787271758322,0.9219990848224668,20.701082140088765,8.393718475880625,29.094800615969387,0.4295893707656034,0.5704106292343964,0.14082125846879306,0.28849548022932764,1.4054724491733566,0.5079528373478125,0.6656744179827657,1.1736272553305782,1.25,0.8591780398736587,1.9642857142857144,16.0,0.04,8.0,0.085,14.0,5.0,10.0,18.0,1.0,2.220446049250313e-16,2.220446049250313e-16,6.0,1.0,0.0,0.001,0.32,1.1900000000000002
1.1217833149745393,0.4545162417231219,1.576299556697661,0.6943787271758322,0.881920829521829,20.192099669541708,8.181292351016193,28.373392020557898,0.440511909189743,0.5594880908102572,0.11897618162051417,0.28834382385752294,1.4051729381742832,0.5079528373478125,0.636822399916262,1.1447752372640745,1.25,0.8140702336199521,1.9166666666666665,16.0,0.04,8.0,0.085,15.0,5.0,10.0,18.0,1.0,2.220446049250313e-16,2.220446049250313e-16,6.0,1.0,0.0,0.001,0.32,1.2750000000000001
1.095659754494938,0.44361131049091945,1.5392710649858576,0.6943787271758322,0.8448923378100253,19.721875580908886,7.98500358883655,27.706879169745438,0.4511088027125436,0.5488911972874563,0.09778239457491263,0.28819570547504264,1.4048805376587088,0.5079528373478125,0.6101674830141752,1.1181203203619878,1.25,0.7736279655024855,1.875,16.0,0.04,8.0,0.085,16.0,5.0,10.0,18.0,1.0,2.220446049250313e-16,1.1102230246251565e-16,6.0,1.0,0.0,0.001,0.32,1.36
1.6041998827108663,0.640013689720646,2.244213572431512,0.6943787271758322,1.5498348452556803,28.875597888795593,11.520246414971627,40.39584430376722,0.3094084875458184,0.6905915124541817,0.3811830249083633,0.2851839493276113,1.3989613118778659,0.5079528373478125,1.1292658196512189,1.6372186569990315,1.25,2.5,3.75,16.0,0.04,8.0,0.09,4.0,5.0,10.0,18.0,1.0,0.0,0.0,6.0,1.0,0.0,0.001,0.32,0.36
1.561157280463537,0.6302196973813254,2.1913769778448624,0.6943787271758322,1.4969982506690303,28.100831048343665,11.343954552863858,39.44478560120752,0.31686867855056494,0.6831313214494351,0.3662626428988701,0.28759072663121754,1.4036875113532452,0.5079528373478125,1.085237140974338,1.5931899783221506,1.25,2.0,3.25,16.0,0.04,8.0,0.09,5.0,5.0,10.0,18.0,1.0,0.0,0.0,6.0,1.0,0.0,0.001,0.32,0.44999999999999996
1.509626293676517,0.612562110065411,2.1221884037419283,0.6943787271758322,1.427809676566096,27.173273286177306,11.026117981177396,38.19939126735471,0.3271993786939348,0.6728006213060651,0.3456012426121303,0.288646431667102,1.4057706947946624,0.5079528373478125,1.032606442065641,1.5405592794134533,1.25,1.6687224832641003,2.916666666666667,16.0,0.04,8.0,0.09,6.0,5.0,10.0,18.0,1.0,4.440892098500626e-16,1.1102230246251565e-16,6.0,1.0,0.0,0.001,0.32,0.54
1.4564003912787293,0.5922263644562538,2.048626755734983,0.6943787271758322,1.3542480285591507,26.215207043017127,10.660074560212568,36.875281603229695,0.3389483834631999,0.6610516165368,0.3221032330736001,0.2890845600831673,1.4066370539328645,0.5079528373478125,0.9782726452813341,1.4862254826291466,1.25,1.4719211290217518,2.678571428571429,16.0,0.04,8.0,0.09,7.0,5.0,10.0,18.0,1.0,0.0,1.1102230246251565e-16,6.0,1.0,0.0,0.001,0.32,0.63
1.4047296834674377,0.5715953797992267,1.9763250632666645,0.6943787271758322,1.281946336090832,25.285134302413876,10.288716836386081,35.57385113879996,0.3513484396276869,0.648651560372313,0.29730312074462606,0.2892213383432165,1.4069077392799871,0.5079528373478125,0.9255381926612808,1.4334910300090933,1.25,1.3303298808688497,2.5,16.0,0.04,8.0,0.09,8.0,5.0,10.0,18.0,1.0,0.0,1.1102230246251565e-16,6.0,1.0,0.0,0.001,0.32,0.72
1.3560402361085946,0.5517394573013155,1.9077796934099098,0.6943787271758322,1.213400966234078,24.4087242499547,9.931310231423678,34.340034481378375,0.3639721764386326,0.6360278235613674,0.2720556471227349,0.28920501628526746,1.406875432313596,0.5079528373478125,0.8758518822935574,1.3838047196413699,1.25,1.2183009042314743,2.361111111111111,16.0,0.04,8.0,0.09,9.0,5.0,10.0,18.0,1.0,2.220446049250313e-16,0.0,6.0,1.0,0.0,0.001,0.32,0.8099999999999999
1.310841759702812,0.5331021600833245,1.8439439197861365,0.6943787271758322,1.1495651926103045,23.595151674650616,9.59583888149984,33.19099055615045,0.3765725842987499,0.6234274157012503,0.24685483140250036,0.2891097469738421,1.4066868911806614,0.5079528373478125,0.8297307597995532,1.3376835971473657,1.25,1.125910418194166,2.25,16.0,0.04,8.0,0.09,10.0,5.0,10.0,18.0,1.0,0.0,2.220446049250313e-16,6.0,1.0,0.0,0.001,0.32,0.8999999999999999
1.269193001536416,0.5158245014794708,1.785017503015887,0.6943787271758322,1.0906387758400549,22.845474027655484,9.284841026630474,32.130315054285965,0.3890038758738446,0.6109961241261553,0.2219922482523108,0.28897447818184213,1.4064192765442625,0.5079528373478125,0.7872332340470936,1.2951860713949062,1.25,1.047762020339019,2.159090909090909,16.0,0.04,8.0,0.09,11.0,5.0,10.0,18.0,1.0,4.440892098500626e-16,0.0,6.0,1.0,0.0,0.001,0.32,0.99
1.2309396228451877,0.49990252037525185,1.7308421432204395,0.6943787271758322,1.0364634160446073,22.15691321121338,8.998245366754533,31.15515857796791,0.40117969734886233,0.5988203026511376,0.19764060530227534,0.2888204001348865,1.406114573856823,0.5079528373478125,0.7482010252050074,1.25615386255282,1.25,0.9804800986117396,2.0833333333333335,16.0,0.04,8.0,0.09,12.0,5.0,10.0,18.0,1.0,0.0,0.0,6.0,1.0,0.0,0.001,0.32,1.08
1.1958358910963307,0.4852655853599354,1.6811014764562664,0.6943787271758322,0.986722749280434,21.52504603973395,8.734780536478837,30.259826576212795,0.4130498586198204,0.5869501413801794,0.17390028276035907,0.28865930591106675,1.4057961372233518,0.5079528373478125,0.7123829733682443,1.220335810716057,1.25,0.9217736555920892,2.019230769230769,16.0,0.04,8.0,0.09,13.0,5.0,10.0,18.0,1.0,2.220446049250313e-16,2.220446049250313e-16,6.0,1.0,0.0,0.001,0.32,1.17
1.1636065828766242,0.471815793400038,1.6354223762766622,0.6943787271758322,0.94104364910083,20.944918491779237,8.492684281200685,29.43760277297992,0.4245867839699688,0.5754132160300313,0.15082643206006247,0.28849782187413436,1.4054770747632181,0.5079528373478125,0.6794980243269011,1.1874508616747135,1.25,0.8700015525718374,1.9642857142857144,16.0,0.04,8.0,0.09,14.0,5.0,10.0,18.0,1.0,0.0,0.0,6.0,1.0,0.0,0.001,0.32,1.26
1.1339778013369752,0.45944776633954787,1.593425567676523,0.6943787271758322,0.899046840500691,20.411600424065554,8.270059794111862,28.681660218177413,0.43577732230589894,0.5642226776941012,0.12844535538820218,0.28833964739846524,1.405164691758386,0.5079528373478125,0.6492665837309022,1.1572194210787146,1.25,0.8239431758590572,1.9166666666666665,16.0,0.04,8.0,0.09,15.0,5.0,10.0,18.0,1.0,0.0,0.0,6.0,1.0,0.0,0.001,0.32,1.3499999999999999
1.106691516260729,0.4480583741408747,1.5547498904016037,0.6943787271758322,0.8603711632257715,19.92044729269312,8.065050734535744,27.985498027228868,0.44661764021508876,0.5533823597849111,0.10676471956982238,0.28818678612361104,1.4048629338505885,0.5079528373478125,0.621425305262556,1.1293781426103684,1.25,0.7826631737161287,1.875,16.0,0.04,8.0,0.09,16.0,5.0,10.0,18.0,1.0,0.0,1.1102230246251565e-16,6.0,1.0,0.0,0.001,0.32,1.44
1.6569266252387396,0.663524058136233,2.3204506833749723,0.6943787271758322,1.6260719561991404,29.824679254297312,11.943433046452196,41.7681123007495,0.2992430445304251,0.7007569554695751,0.4015139109391499,0.28594620126602843,1.400454702114904,0.5079528373478125,1.1830439993351791,1.6909968366829915,1.25,2.5,3.75,16.0,0.04,8.0,0.095,4.0,5.0,10.0,18.0,1.0,4.440892098500626e-16,2.220446049250313e-16,6.0,1.0,0.0,0.001,0.32,0.38
1.6056277787166169,0.6496470145847724,2.2552747933013895,0.6943787271758322,1.560896066125557,28.901300016899103,11.693646262525903,40.59494627942501,0.30789096266152305,0.6921090373384768,0.38421807467695385,0.2880567000147175,1.4046062376325086,0.5079528373478125,1.1306001997208404,1.638553037068653,1.25,2.0,3.25,16.0,0.04,8.0,0.095,5.0,5.0,10.0,18.0,1.0,4.440892098500626e-16,1.1102230246251565e-16,6.0,1.0,0.0,0.001,0.32,0.475
1.5470922980948276,0.6286599761287669,2.1757522742235946,0.6943787271758322,1.4813735470477625,27.847661365706898,11.315879570317804,39.1635409360247,0.31914420377826214,0.6808557962217379,0.3617115924434757,0.28893913318008635,1.4063493670693936,0.5079528373478125,1.0708279698741952,1.5787808072220075,1.25,1.6819326045136627,2.916666666666667,16.0,0.04,8.0,0.095,6.0,5.0,10.0,18.0,1.0,0.0,0.0,6.0,1.0,0.0,0.001,0.32,0.5700000000000001
1.488144440151625,0.6056857589170698,2.093830199068695,0.6943787271758322,1.3994514718928628,26.786599922729252,10.902343660507256,37.68894358323651,0.33163086838879374,0.6683691316112063,0.3367382632224125,0.28927167025600736,1.4070073727892685,0.5079528373478125,1.0106591093384083,1.518611946686221,1.25,1.4908144415383133,2.678571428571429,16.0,0.04,8.0,0.095,7.0,5.0,10.0,18.0,1.0,0.0,0.0,6.0,1.0,0.0,0.001,0.32,0.665
1.431843445688944,0.5829689578952808,2.0148124035842243,0.6943787271758322,1.3204336764083924,25.77318202240099,10.493441242115054,36.266623264516035,0.3446369130647479,0.6553630869352521,0.3107261738705042,0.2893415569897306,1.4071457390474553,0.5079528373478125,0.9532021855523933,1.461155022900206,1.25,1.3486151133864772,2.5,16.0,0.04,8.0,0.095,8.0,5.0,10.0,18.0,1.0,4.440892098500626e-16,0.0,6.0,1.0,0.0,0.001,0.32,0.76
1.3794000726032225,0.5614527109416785,1.940852783544901,0.6943787271758322,1.2464740563690688,24.829201306858003,10.106148796950212,34.93535010380822,0.35776991076446985,0.6422300892355302,0.2844601784710603,0.2892814517936823,1.4070267372699912,0.5079528373478125,0.8996868189263857,1.4076396562741982,1.25,1.2350551800549274,2.361111111111111,16.0,0.04,8.0,0.095,9.0,5.0,10.0,18.0,1.0,0.0,0.0,6.0,1.0,0.0,0.001,0.32,0.855
1.3311381353115277,0.5414802607909026,1.8726183961024305,0.6943787271758322,1.1782396689265984,23.9604864356075,9.746644694236247,33.70713112984375,0.37080631516868334,0.6291936848313167,0.2583873696626333,0.2891567560790341,1.4067799174457425,0.5079528373478125,0.8504406759859738,1.3583935133337863,1.25,1.1410392151045976,2.25,16.0,0.04,8.0,0.095,10.0,5.0,10.0,18.0,1.0,2.220446049250313e-16,0.0,6.0,1.0,0.0,0.001,0.32,0.95
1.2869683460586994,0.5231170063621479,1.8100853524208471,0.6943787271758322,1.1157066252450147,23.16543022905659,9.416106114518662,32.58153634357525,0.38361656606256445,0.6163834339374354,0.23276686787487097,0.2890012924874067,1.4064723176480427,0.5079528373478125,0.8053712971237847,1.3133241344715971,1.25,1.061380097391658,2.159090909090909,16.0,0.04,8.0,0.095,11.0,5.0,10.0,18.0,1.0,0.0,1.1102230246251565e-16,6.0,1.0,0.0,0.001,0.32,1.045
1.2466217943512399,0.5063026611081075,1.7529244554593477,0.6943787271758322,1.0585457282835156,22.439192298322318,9.113447899945935,31.552640198268257,0.396125871262303,0.603874128737697,0.20774825747539402,0.28883313227290947,1.4061397477585373,0.5079528373478125,0.7642036084613703,1.2721564458091827,1.25,0.9927513453296454,2.0833333333333335,16.0,0.04,8.0,0.095,12.0,5.0,10.0,18.0,1.0,4.440892098500626e-16,0.0,6.0,1.0,0.0,0.001,0.32,1.1400000000000001
1.2097647899085877,0.4909245711889358,1.7006893610975238,0.6943787271758322,1.0063106339216914,21.77576621835458,8.836642281400843,30.61240849975543,0.40829250953138285,0.591707490468617,0.18341498093723416,0.28866210515488977,1.4058016692864994,0.5079528373478125,0.7265967704269958,1.2345496077748082,1.25,0.932861413534165,2.019230769230769,16.0,0.04,8.0,0.095,13.0,5.0,10.0,18.0,1.0,2.220446049250313e-16,1.1102230246251565e-16,6.0,1.0,0.0,0.001,0.32,1.235
1.1760545127509372,0.47685325349907204,1.6529077662500087,0.6943787271758322,0.9585290390741766,21.16898122951687,8.583358562983296,29.752339792500155,0.42009526566094235,0.5799047343390578,0.1598094686781154,0.2884935646354427,1.4054686652097892,0.5079528373478125,0.6922007998426538,1.2001536371904664,1.25,0.8800547486521303,1.9642857142857144,16.0,0.04,8.0,0.095,14.0,5.0,10.0,18.0,1.0,4.440892098500626e-16,0.0,6.0,1.0,0.0,0.001,0.32,1.33
1.1451648371682561,0.4639593664949242,1.6091242036631803,0.6943787271758322,0.9147454764873482,20.61296706902861,8.351268596908636,28.964235665937245,0.43152587326390035,0.5684741267360996,0.13694825347219927,0.2883303634602712,1.4051463609747177,0.5079528373478125,0.6606828385331118,1.1686356758809242,1.25,0.8330916799175554,1.9166666666666665,16.0,0.04,8.0,0.095,15.0,5.0,10.0,18.0,1.0,0.0,0.0,6.0,1.0,0.0,0.001,0.32,1.425
1.1167970775169784,0.45212140367840387,1.568918481195382,0.6943787271758322,0.87453975401955,20.10234739530561,8.13818526621127,28.240532661516877,0.4425843251248942,0.5574156748751059,0.11483134975021168,0.28817392942807707,1.40483755982208,0.5079528373478125,0.6317380756959897,1.1396909130438022,1.25,0.7910178370856913,1.875,16.0,0.04,8.0,0.095,16.0,5.0,10.0,18.0,1.0,2.220446049250313e-16,0.0,6.0,1.0,0.0,0.001,0.32,1.52
1.707783521392892,0.6860934562143521,2.393876977607244,0.6943787271758322,1.699498250431412,30.740103385072057,12.349682211858338,43.0897855969304,0.2900644994171278,0.7099355005828721,0.4198710011657444,0.2866034732077687,1.4017449797470611,0.5079528373478125,1.234916664697761,1.7428695020455733,1.25,2.5,3.75,16.0,0.04,8.0,0.1,4.0,5.0,10.0,18.0,1.0,0.0,0.0,6.0,1.0,0.0,0.001,0.32,0.4
1.648072372530641,0.6680993765462363,2.316171749076877,0.6943787271758322,1.621793021901045,29.66530270555154,12.025788777832254,41.69109148338379,0.2997958711190483,0.7002041288809517,0.4004082577619034,0.2884498426390491,1.405382304613455,0.5079528373478125,1.1738979001338978,1.6818507374817102,1.25,2.0,3.25,16.0,0.04,8.0,0.1,5.0,5.0,10.0,18.0,1.0,0.0,0.0,6.0,1.0,0.0,0.001,0.32,0.5
1.582568968264972,0.6438325832101464,2.2264015514751185,0.6943787271758322,1.5320228242992862,28.486241428769496,11.588986497782635,40.07522792655213,0.3118838678116113,0.6881161321883886,0.3762322643767773,0.2891808006437879,1.406827503964016,0.5079528373478125,1.1070209481994975,1.6149737855473099,1.25,1.698873747673135,2.916666666666667,16.0,0.04,8.0,0.1,6.0,5.0,10.0,18.0,1.0,4.440892098500626e-16,0.0,6.0,1.0,0.0,0.001,0.32,0.6000000000000001
1.5180194329647767,0.6182980223063481,2.1363174552711244,0.6943787271758322,1.4419387280952927,27.324349793365982,11.129364401514266,38.45371419488024,0.325035366566205,0.6749646334337952,0.34992926686759024,0.2894223518984816,1.40730573593434,0.5079528373478125,1.0411393735054146,1.5490922108532272,1.25,1.5097076212327731,2.678571428571429,16.0,0.04,8.0,0.1,7.0,5.0,10.0,18.0,1.0,4.440892098500626e-16,2.220446049250313e-16,6.0,1.0,0.0,0.001,0.32,0.7000000000000001
1.4572374288961958,0.5935785201733526,2.050815949069548,0.6943787271758322,1.356437221893716,26.230273720131525,10.684413363120346,36.91468708325186,0.33858656477236326,0.6614134352276368,0.32282687045527353,0.289435295469912,1.4073313712666344,0.5079528373478125,0.9791120226648529,1.4870648600126652,1.25,1.3662787873479274,2.5,16.0,0.04,8.0,0.1,8.0,5.0,10.0,18.0,1.0,4.440892098500626e-16,0.0,6.0,1.0,0.0,0.001,0.32,0.8
1.4011926854288712,0.5704807002028545,1.9716733856317257,0.6943787271758322,1.2772946584558935,25.22146833771968,10.26865260365138,35.49012094137106,0.3521773597168847,0.6478226402831153,0.29564528056623063,0.28933833786069596,1.4071393650104904,0.5079528373478125,0.9219230664439491,1.4298759037917614,1.25,1.2510115757712956,2.361111111111111,16.0,0.04,8.0,0.1,9.0,5.0,10.0,18.0,1.0,0.0,0.0,6.0,1.0,0.0,0.001,0.32,0.9
1.350011795925997,0.549244248002026,1.8992560439280228,0.6943787271758322,1.2048773167521905,24.300212326667946,9.886396464036467,34.18660879070441,0.36560564300731396,0.6343943569926859,0.2687887139853719,0.28918915369940557,1.406844036222135,0.5079528373478125,0.8696992144116282,1.3776520517594406,1.25,1.1553320172761308,2.25,16.0,0.04,8.0,0.1,10.0,5.0,10.0,18.0,1.0,0.0,2.220446049250313e-16,6.0,1.0,0.0,0.001,0.32,1.0
1.3034530815268017,0.5298583191288584,1.8333114006556601,0.6943787271758322,1.1389326734798277,23.462155467482432,9.537449744319451,32.999605211801885,0.3787565641753477,0.6212434358246521,0.24248687164930444,0.28901708620770117,1.4065035609169823,0.5079528373478125,0.8221926775372052,1.3301455148850176,1.25,1.0741767680795187,2.159090909090909,16.0,0.04,8.0,0.1,11.0,5.0,10.0,18.0,1.0,0.0,2.220446049250313e-16,6.0,1.0,0.0,0.001,0.32,1.1
1.2611320077554693,0.512206733684219,1.7733387414396884,0.6943787271758322,1.0789600142638562,22.700376139598447,9.219721206315942,31.920097345914392,0.39156575726310444,0.6084342427368955,0.21686848547379112,0.28883750279339354,1.4061483893314481,0.5079528373478125,0.7790105028522171,1.2869633402000296,1.25,1.0042369216206743,2.0833333333333335,16.0,0.04,8.0,0.1,12.0,5.0,10.0,18.0,1.0,2.220446049250313e-16,0.0,6.0,1.0,0.0,0.001,0.32,1.2000000000000002
1.2226273792229303,0.49613562432497416,1.7187630035479045,0.6943787271758322,1.0243842763720723,22.007292826012744,8.930441237849536,30.93773406386228,0.40399911200234234,0.5960008879976577,0.19200177599531534,0.2886585429758735,1.405794629464543,0.5079528373478125,0.7397226250622482,1.2476754624100606,1.25,0.9432079083757393,2.019230769230769,16.0,0.04,8.0,0.1,13.0,5.0,10.0,18.0,1.0,0.0,0.0,6.0,1.0,0.0,0.001,0.32,1.3
1.1875298558917713,0.4814848149445012,1.6690146708362723,0.6943787271758322,0.9746359436604404,21.375537406051883,8.66672666900102,30.042264075052902,0.41604111653968173,0.5839588834603183,0.16791776692063662,0.2884844713217827,1.4054507030334253,0.5079528373478125,0.703911224928151,1.2118640622759633,1.25,0.8894119408041214,1.9642857142857144,16.0,0.04,8.0,0.1,14.0,5.0,10.0,18.0,1.0,2.220446049250313e-16,0.0,6.0,1.0,0.0,0.001,0.32,1.4000000000000001
1.15546235642898,0.4681018415761206,1.6235641980051008,0.6943787271758322,0.9291854708292684,20.798322415721643,8.42583314837017,29.224155564091813,0.4276878783290654,0.5723121216709345,0.1446242433418691,0.28831742049454206,1.4051208063781628,0.5079528373478125,0.6711914757314009,1.1791443130792134,1.25,0.8415882062141147,1.9166666666666665,16.0,0.04,8.0,0.1,15.0,5.0,10.0,18.0,1.0,0.0,1.1102230246251565e-16,6.0,1.0,0.0,0.001,0.32,1.5
1.1260868086305151,0.45584757100097434,1.5819343796314895,0.6943787271758322,0.887555652455657,20.26956255534927,8.205256278017538,28.47481883336681,0.43894281337863533,0.5610571866213645,0.12211437324272914,0.2881583312622384,1.404806776446792,0.5079528373478125,0.6412183941337082,1.1491712314815206,1.25,0.7987635561826236,1.875,16.0,0.04,8.0,0.1,16.0,5.0,10.0,18.0,1.0,0.0,2.220446049250313e-16,6.0,1.0,0.0,0.001,0.32,1.6
