C2_L_cmH2O,R2_cmH2O_s_L,MPtot_min,MPtot_max,EF1_min,EF1_max,EII_min,EII_max,EII_range,EF1_range,preference_reversal_across_loading_inputs
0.02,4.0,2.5622183284318725,55.078519574035425,0.6576875629820929,0.767181559534585,0.31537512596418554,0.5343631190691697,0.21898799310498412,0.10949399655249215,False
0.02,5.0,2.563286340437424,55.58730016202948,0.6574135326476407,0.7434161024714129,0.3148270652952812,0.4868322049428257,0.1720051396475445,0.08600256982377219,False
0.02,6.0,2.5638544036291204,56.02244215280736,0.6572678721026847,0.7244192253640748,0.3145357442053694,0.44883845072814943,0.13430270652278004,0.0671513532613901,False
0.02,7.0,2.5639030150927784,56.38508039632406,0.6572554103390805,0.7093560297545678,0.31451082067816083,0.41871205950913554,0.10420123883097471,0.05210061941548727,False
0.02,8.0,2.5633035295593873,56.67714483473176,0.6574091241329001,0.6975206310664125,0.3148182482658001,0.3950412621328247,0.08022301386702457,0.0401115069335124,False
0.02,9.0,2.5619169698459983,56.90190873018448,0.6577649268452703,0.6883249199960491,0.3155298536905405,0.376649839992098,0.061119986301557516,0.03055999315077873,False
0.02,10.0,2.5596435935822903,57.06393888866451,0.6578471468050879,0.6812847866045527,0.3156942936101757,0.36256957320910543,0.04687527959892973,0.023437639799464782,False
0.02,11.0,2.5564380447575976,57.168731578645634,0.6576652331130416,0.6760050192396951,0.3153304662260829,0.3520100384793902,0.03667957225330731,0.018339786126653546,False
0.02,12.0,2.552305420604301,57.22227020410213,0.6583817599249352,0.6721644920220343,0.3167635198498703,0.3443289840440686,0.027565464194198308,0.013782732097099126,False
0.02,13.0,2.547289649000653,57.230637103964185,0.659782144471776,0.6695027422230393,0.31956428894355166,0.33900548444607853,0.019441195502526876,0.009720597751263327,False
0.02,14.0,2.541460662468948,57.199726869078404,0.6617061613511507,0.6678084316585349,0.32341232270230114,0.3356168633170697,0.012204540614768555,0.006102270307384194,False
0.02,15.0,2.5349032819398345,57.1350613789353,0.6640322011177306,0.6669103946555668,0.3280644022354613,0.33382078931113324,0.005756387075671943,0.002878193537836138,False
0.02,16.0,2.5277086923816143,57.04168771305132,0.6666666666666665,0.666666666666667,0.33333333333333326,0.3333333333333335,2.220446049250313e-16,4.440892098500626e-16,False
0.025,4.0,2.782823143483175,59.977177250361656,0.6055502061640796,0.6986035002416336,0.2111004123281594,0.3972070004832672,0.18610658815510778,0.09305329407755403,False
0.025,5.0,2.7836144343588294,60.642857006016094,0.6053780679731819,0.673240423170924,0.21075613594636394,0.34648084634184806,0.13572471039548412,0.06786235519774209,False
0.025,6.0,2.7833321140015013,61.16775567266866,0.6054394729889935,0.6544904507379244,0.21087894597798695,0.3089809014758488,0.09810195549786183,0.04905097774893097,False
0.025,7.0,2.781644912987039,61.55779792849272,0.6058067010590656,0.6408067641004733,0.21161340211813148,0.28161352820094643,0.07000012608281495,0.03500006304140768,False
0.025,8.0,2.7782697099142624,61.82297565865542,0.60601012359208,0.6310069110289083,0.21202024718415968,0.2620138220578163,0.04999357487365663,0.024996787436828316,False
0.025,9.0,2.7730785284689214,61.97640556855078,0.6059279037127104,0.6241930707207832,0.2118558074254207,0.24838614144156643,0.03653033401614572,0.01826516700807279,False
0.025,10.0,2.7660952488072916,62.03270789748868,0.6072413616913952,0.6196850179452881,0.2144827233827905,0.23937003589057612,0.024887312507785614,0.012443656253892876,False
0.025,11.0,2.75745231076076,62.00658592744175,0.6095516852431597,0.6169664276037794,0.2191033704863193,0.23393285520755847,0.014829484721239156,0.007414742360619675,False
0.025,12.0,2.7473443203611896,61.91187877149388,0.6125803805913002,0.6156442219270052,0.2251607611826,0.23128844385401032,0.006127682671410312,0.003063841335705031,False
0.025,13.0,2.7359917978997723,61.761053362460636,0.6154111240482861,0.6161280513471544,0.23082224809657215,0.23225610269430877,0.0014338545977366224,0.0007169272988682973,False
0.025,14.0,2.723616935069227,61.5650113044936,0.6160134230735349,0.6200489904599285,0.23202684614706967,0.2400979809198569,0.00807113477278723,0.004035567386393546,False
0.025,15.0,2.710429209362238,61.3330906845977,0.6172779055803386,0.6242349522819195,0.2345558111606771,0.2484699045638387,0.013914093403161576,0.006957046701580927,False
0.025,16.0,2.6966179728164037,61.073174108912056,0.6190677313745352,0.6286044510358566,0.2381354627490704,0.257208902071713,0.019073439322642577,0.009536719661321413,False
0.03,4.0,3.0032120413164733,65.01976732486061,0.5611122708191195,0.6366895286149318,0.1222245416382392,0.2733790572298633,0.15115451559162407,0.07557725779581226,False
0.03,5.0,3.002970711150919,65.79574844546227,0.5611573639386457,0.612187149519052,0.1223147278772914,0.22437429903810402,0.10205957116081261,0.05102978558040627,False
0.03,6.0,3.0003058906417928,66.33896719092624,0.5616557743363771,0.5955204742656763,0.12331154867275435,0.19104094853135276,0.06772939985859841,0.03386469992929919,False
0.03,7.0,2.994667564023634,66.67078765491063,0.561505778008692,0.5844762978681495,0.12301155601738373,0.16895259573629867,0.045941039718914944,0.022970519859457528,False
0.03,8.0,2.985888566779248,66.81950940180276,0.562330570079459,0.5775017089638766,0.12466114015891767,0.15500341792775316,0.030342277768835482,0.015171138884417679,False
0.03,9.0,2.974138049278932,66.81570844169592,0.5648556458648315,0.5735015876549113,0.12971129172966292,0.1470031753098228,0.017291883580159872,0.008645941790079825,False
0.03,10.0,2.959785358782547,66.68869616405249,0.56852855714489,0.5716971976797363,0.1370571142897799,0.14339439535947246,0.0063372810696925574,0.003168640534846223,False
0.03,11.0,2.9432821691869395,66.46461133721533,0.5715178493391657,0.572982789170413,0.14303569867833127,0.14596557834082605,0.0029298796624947776,0.0014649398312472917,False
0.03,12.0,2.9250861179770156,66.16573284962972,0.572529202484819,0.5779672540859762,0.14505840496963798,0.1559345081719522,0.010876103202314219,0.005438051601157179,False
0.03,13.0,2.9056195143157804,65.81050377893374,0.574442871587627,0.583305581038425,0.14888574317525402,0.16661116207684987,0.017725418901595846,0.008862709450798034,False
0.03,14.0,2.885251313048048,65.41389829733953,0.5770415907991993,0.5888714649449788,0.15408318159839848,0.17774292988995746,0.02365974829155898,0.011829874145779518,False
0.03,15.0,2.864292658923884,64.98791211996175,0.5801600338542132,0.5945731170642414,0.16032006770842644,0.1891462341284828,0.028826166420056365,0.01441308321002821,False
0.03,16.0,2.8429995355853843,64.54206143297473,0.5836712328213765,0.6003431107879846,0.16734246564275285,0.20068622157596916,0.03334375593321631,0.016671877966608184,False
0.035,4.0,3.222975930221555,70.15304683704144,0.5228519122507281,0.5824022525367051,0.04570382450145619,0.1648045050734098,0.11910068057195361,0.059550340285976944,False
0.035,5.0,3.2202472268800886,70.96980037640932,0.5232949551786568,0.5603038263159488,0.04658991035731364,0.12060765263189747,0.07401774227458383,0.03700887113729201,False
0.035,6.0,3.2129223033185044,71.44462029594558,0.5232643770254363,0.5466206579586919,0.04652875405087222,0.09324131591738365,0.046712561866511425,0.02335628093325559,False
0.035,7.0,3.2006264637895456,71.62878886473906,0.5244251456067051,0.5386470154407862,0.048850291213410016,0.07729403088157204,0.02844373966816202,0.014221869834081136,False
0.035,8.0,3.1837018131298493,71.57867816436159,0.5277940539548363,0.5346129867623177,0.055588107909672516,0.06922597352463544,0.013637865614962927,0.00681893280748147,False
0.035,9.0,3.1628792147705065,71.3472213110929,0.5325684118751804,0.5333421092186172,0.06513682375036084,0.06668421843723463,0.0015473946868737876,0.0007736973434367966,False
0.035,10.0,3.1390080577951553,70.9798991028107,0.5339947037219184,0.5382461267621966,0.06798940744383687,0.07649225352439307,0.008502846080556195,0.004251423040278257,False
0.035,11.0,3.1129019211085573,70.51380593420276,0.5360201472031074,0.5444997014443611,0.07204029440621458,0.0889994028887218,0.016959108482507215,0.008479554241253684,False
0.035,12.0,3.0852700105136557,69.97824937877934,0.5390428092817122,0.5511087120388783,0.07808561856342451,0.10221742407775652,0.024131805514332014,0.012065902757166125,False
0.035,13.0,3.0566978341662554,69.39591908473537,0.5427907888640607,0.5579213122060207,0.08558157772812129,0.11584262441204132,0.03026104668392003,0.015130523341959967,False
0.035,14.0,3.027652077799798,68.78413938689484,0.5470645163369279,0.5648311299309742,0.09412903267385576,0.12966225986194824,0.03553322718809247,0.0177666135940463,False
0.035,15.0,2.998495394987322,68.15600030100022,0.5517156984877968,0.5717628029443814,0.10343139697559366,0.14352560588876265,0.04009420891316899,0.02004710445658464,False
0.035,16.0,2.969503793185051,67.52130268040446,0.5565934684395099,0.5786626002963946,0.11318693687901972,0.1573252005927894,0.04413826371376968,0.02206913185688475,False
0.04,4.0,3.4414679308643645,75.32649786076266,0.4896570771854221,0.5355329594491092,0.000369292734394924,0.07106591889821827,0.07069662616382334,0.04587588226368705,True
0.04,5.0,3.434148058910171,76.10008596862815,0.490143239079754,0.5166276840398093,0.0003079662185390786,0.03325536807961835,0.03294740186107927,0.02648444496005531,True
0.04,6.0,3.419471712954193,76.41674859950339,0.49073703700398275,0.5062106623776086,1.6165262580426344e-05,0.01852592599203483,0.018509760729454407,0.015473625373625843,True
0.04,7.0,3.397782196683486,76.37166192945593,0.4944401163941796,0.5012855864940915,0.000448616467058537,0.011119767211640865,0.010671150744582329,0.006845470099911877,True
0.04,8.0,3.3702782565088194,76.05558361740177,0.5,0.5,0.0,0.0,0.0,0.0,False
0.04,9.0,3.338401781217885,75.54504652993934,0.5011239216683213,0.5066876593534185,0.00224784333664282,0.013375318706836989,0.011127475370194168,0.005563737685097214,False
0.04,10.0,3.3035052795536006,74.90040348903878,0.5038972889208344,0.5140540249579622,0.007794577841668941,0.028108049915924208,0.020313472074255268,0.010156736037127745,False
0.04,11.0,3.2667237613807707,74.16745451421917,0.5078193952888638,0.5218109287049566,0.015638790577727588,0.04362185740991295,0.027983066832185363,0.013991533416092827,False
0.04,12.0,3.2289530046957093,73.38015130773269,0.5125425033112974,0.5297679710205704,0.025085006622594563,0.05953594204114073,0.03445093541854617,0.017225467709273024,False
0.04,13.0,3.19087284947241,72.56326866187003,0.5178206106125384,0.537796787137698,0.03564122122507699,0.07559357427539597,0.039952353050318974,0.019976176525159595,False
0.04,14.0,3.152984459603715,71.73466137636215,0.523436985815116,0.5458097353499299,0.04687397163023205,0.09161947069985979,0.04474549906962774,0.02237274953481394,False
0.04,15.0,3.1156478228199203,70.90704289426098,0.5292581347261434,0.5537466378284625,0.058516269452286614,0.10749327565692504,0.04897700620463843,0.024488503102319092,False
0.04,16.0,3.079114372454587,70.08933858199097,0.5352329183835546,0.5615662414254166,0.07046583676710914,0.12313248285083309,0.05266664608372394,0.026333323041861978,False
0.045,4.0,3.6578892718354847,80.49455488203886,0.46068620535602695,0.49534252040162835,0.009314959196743506,0.07862758928794603,0.06931263009120252,0.034656315045601405,False
0.045,5.0,3.6434300486405307,81.13529657643059,0.4606914023729871,0.4799102060334374,0.04017958793312533,0.07861719525402602,0.038437607320900694,0.019218803660450312,False
0.045,6.0,3.6186375097911916,81.20966675819335,0.46391963984035556,0.4726989185215666,0.05460216295686673,0.07216072031928894,0.017558557362422213,0.008779278681211033,False
0.045,7.0,3.5850906680608134,80.86705831177628,0.469822705233875,0.4705970198749464,0.05880596025010722,0.06035458953225002,0.001548629282142805,0.0007743146410714163,False
0.045,8.0,3.54505961283832,80.23470337009412,0.47170841607723873,0.47725800161951437,0.0454839967609713,0.05658316784552259,0.011099171084551294,0.005549585542275637,False
0.045,9.0,3.5007214158985036,79.41094339385702,0.47490852007226375,0.4855696989525334,0.028860602094933387,0.05018295985547275,0.02132235776053936,0.010661178880269628,False
0.045,10.0,3.4538694242586216,78.46797227559219,0.47950281173202214,0.49435975068057836,0.01128049863884339,0.04099437653595563,0.029713877897112245,0.01485693894855622,False
0.045,11.0,3.405871249695868,77.45724788298827,0.4850302575981555,0.5033770544527971,0.0007191058114287531,0.02993948480368892,0.029220378992260168,0.018346796854641634,True
0.045,12.0,3.357721807310158,76.41475092789199,0.49117730947648525,0.5124590504764609,3.703990021612883e-06,0.024918100952921705,0.02491439696290009,0.02128174099997565,True
0.045,13.0,3.3101198154553826,75.36525465917677,0.4976335758754385,0.5214988451093924,0.0008509231548595341,0.04299769021878466,0.04214676706392513,0.02386526923395388,True
0.045,14.0,3.263539841215279,74.32554278180727,0.504334317401763,0.5304257128225847,0.008668634803526167,0.06085142564516911,0.05218279084164294,0.026091395420821617,False
0.045,15.0,3.2182915102994327,73.30675076907447,0.5111742829141186,0.5391930394989403,0.022348565828237094,0.07838607899788057,0.05603751316964348,0.02801875658482167,False
0.045,16.0,3.1745652447606982,72.31604050694622,0.5180762595499123,0.5477706097690226,0.03615251909982468,0.09554121953804486,0.05938870043822018,0.029694350219110266,False
0.05,4.0,3.871400291574115,85.61815950860998,0.43473064894392704,0.4609277549407941,0.07814449011841187,0.13053870211214588,0.05239421199373401,0.02619710599686703,False
0.05,5.0,3.8470513693601736,86.03762398627647,0.435998991489898,0.4489446437963284,0.10211071240734323,0.12800201702020406,0.02589130461286082,0.01294565230643041,False
0.05,6.0,3.8095495124679695,85.7959657342869,0.44152495180396373,0.44471531934079395,0.11056936131841215,0.1169500963920726,0.006380735073660451,0.0031903675368302187,False
0.05,7.0,3.7620947418840447,85.10223080028634,0.44510072087661956,0.44932681390376794,0.10134637219246408,0.10979855824676076,0.008452186054296679,0.004226093027148381,False
0.05,8.0,3.7080968173783986,84.11855640912322,0.4482969552089149,0.4583684492126729,0.08326310157465454,0.10340608958217026,0.020142988007515725,0.010071494003758008,False
0.05,9.0,3.650395012703534,82.96132566080234,0.45328780842519234,0.46806292258364796,0.06387415483270416,0.09342438314961508,0.029550228316910926,0.014775114158455616,False
0.05,10.0,3.591110903122285,81.71074256308003,0.4594326607643418,0.478059400338311,0.043881199323378105,0.08113467847131625,0.03725347914793815,0.01862673957396921,False
0.05,11.0,3.531736227241369,80.42073119542901,0.4662953419421554,0.4881406361760388,0.023718727647922627,0.06740931611568918,0.04369058846776655,0.021845294233883428,False
0.05,12.0,3.4732749964612983,79.12685566565101,0.47353047943753146,0.49816921594230906,0.003661568115382063,0.05293904112493699,0.04927747300955493,0.024638736504777603,False
0.05,13.0,3.4163750225482077,77.85209142011034,0.48103177677648756,0.508057446407757,0.004834473850246331,0.037936446447024985,0.033101972596778655,0.0270256696312694,True
0.05,14.0,3.3614321549996617,76.61086320267572,0.48867139247834335,0.5177495952784814,0.0007471159342573297,0.03549919055696263,0.0347520746227053,0.029078202800138064,True
0.05,15.0,3.3086675917222,75.4118195053939,0.49635899595753846,0.5272109764578883,0.0005484362905255274,0.05442195291577658,0.053873516625251056,0.030851980500349818,True
0.05,16.0,3.258183368516408,74.25972494420037,0.5040303100355253,0.5364210150717241,0.008060620071050578,0.07284203014344817,0.0647814100723976,0.032390705036198786,False
0.055,4.0,4.081211148638178,90.66537617604901,0.41127575256937493,0.4314031962621427,0.13719360747571466,0.17744849486125025,0.04025488738553559,0.020127443692767755,False
0.055,5.0,4.044228129768373,90.7811388699308,0.41507383159026123,0.42268388530469336,0.15463222939061344,0.1698523368194777,0.01522010742886426,0.00761005371443213,False
0.055,6.0,3.991734703297383,90.1619609443106,0.4211415021826887,0.42260115162144574,0.1547976967571086,0.15771699563462274,0.0029192988775141315,0.001459649438757038,False
0.055,7.0,3.928766374168069,89.07724257734665,0.423687350370614,0.43204459240003723,0.13591081519992554,0.15262529925877208,0.01671448405884654,0.008357242029423229,False
0.055,8.0,3.859817998803157,87.71982802878858,0.42869595702643065,0.4424672944717524,0.11506541105649531,0.14260808594713836,0.02754267489064305,0.013771337445321774,False
0.055,9.0,3.7882561655717497,86.21934923282998,0.43522419302700693,0.45334554352480055,0.09330891295039895,0.12955161394598622,0.03624270099558727,0.01812135049779362,False
0.055,10.0,3.7163959371400628,84.66002513410182,0.4426698460597705,0.4643713536122357,0.07125729277552857,0.11466030788045921,0.04340301510493064,0.021701507552465193,False
0.055,11.0,3.6457432707794135,83.09526836938625,0.45058266975461525,0.4753579152929265,0.049284169414147073,0.09883466049076944,0.04955049107662237,0.02477524553831123,False
0.055,12.0,3.5772288522476097,81.55811965634688,0.4588108991876457,0.4861902297594871,0.027619540481026085,0.08237820162470862,0.05475866114368253,0.027379330571841387,False
0.055,13.0,3.5113903604512737,80.0683073193482,0.467194653254418,0.4967975907612486,0.006404818477502793,0.06561069349116404,0.059205875013661244,0.029602937506830573,False
0.055,14.0,3.4485034212936836,78.63691791602481,0.47562418616471513,0.5071374434827828,0.0028065223452824663,0.04875162767056974,0.04594510532528727,0.031513257318067645,True
0.055,15.0,3.388672222097786,77.26946109051273,0.48402349989141324,0.5171855257287178,0.00014228245597946315,0.034371051457435534,0.03422876900145607,0.03316202583730454,True
0.055,16.0,3.3318910309207617,75.96787720104327,0.4923397867477048,0.5269296465359622,0.0004649177590761388,0.053859293071924434,0.0533943753128483,0.034589859788257404,True
0.06,4.0,4.286638005304087,95.61122699490465,0.39114038204911844,0.40597708454414677,0.18804583091170646,0.21771923590176306,0.029673404990056607,0.014836702495028331,False
0.06,5.0,4.2344315893106845,95.34960051940408,0.39716374363078016,0.4002633032372545,0.19947339352549082,0.20567251273843962,0.0061991192129488,0.0030995596064743447,False
0.06,6.0,4.165033107699621,94.30367389055856,0.4010794500885264,0.40643737336335584,0.18712525327328863,0.19784109982294726,0.010715846549658625,0.005357923274829424,False
0.06,7.0,4.085363497841687,92.80000478597817,0.4055224573452519,0.4173053342174943,0.16538933156501148,0.18895508530949615,0.023565753744484663,0.011782876872242387,False
0.06,8.0,4.000859942916358,91.05633105724861,0.41210151650317034,0.42892162744682966,0.14215674510634074,0.17579696699365938,0.03364022188731863,0.016820110943659317,False
0.06,9.0,3.915249366995406,89.21040396762241,0.4199505242624857,0.4408198136395837,0.11836037272083288,0.1600989514750285,0.04173857875419562,0.020869289377098033,False
0.06,10.0,3.8309021701026755,87.34666843704102,0.42842042073665215,0.4527304051097161,0.09453918978056775,0.14315915852669558,0.04861996874612784,0.024309984373063975,False
0.06,11.0,3.7492370089742635,85.51542218795105,0.4372963519598569,0.46449373700592606,0.07101252598814793,0.12540729608028617,0.05439477009213824,0.027197385046069167,False
0.06,12.0,3.671040616929461,83.74545673969465,0.4463707118550594,0.4760146686536145,0.0479706626927713,0.1072585762898811,0.0592879135971098,0.029643956798555138,False
0.06,13.0,3.59669287008667,82.05213405979251,0.4555046487871097,0.48723745573419697,0.025525088531606076,0.0889907024257805,0.06346561389417442,0.031732806947087244,False
0.06,14.0,3.5263176576577093,80.44248969797337,0.4646046319718531,0.4981310926462389,0.003737814707522311,0.07079073605629387,0.06705292134877155,0.033526460674385805,False
0.06,15.0,3.459881717019815,78.91844986064952,0.4736073361889816,0.5086804151284694,0.004275285379053422,0.05278532762203681,0.04851004224298339,0.0350730789394878,True
0.06,16.0,3.3972585930766686,77.4788616518554,0.4824699931660184,0.518880524364116,0.001075164284731711,0.03776104872823185,0.036685884443500134,0.03641053119809762,True
0.065,4.0,4.487128320679696,100.43703901830659,0.3737104594732493,0.3839731085169262,0.23205378296614745,0.25257908105350124,0.020525298087353788,0.010262649043676852,False
0.065,5.0,4.417356069332348,99.7342718484763,0.380978794133004,0.38169366549062217,0.23661266901875552,0.23804241173399213,0.0014297427152366038,0.0007148713576181631,False
0.065,6.0,4.329513298054049,98.22366774420544,0.3838618615130292,0.39249613879069806,0.21500772241860402,0.23227627697394168,0.017268554555337656,0.008634277277668856,False
0.065,7.0,4.232319582090691,96.28288532133641,0.38996571659055135,0.4046061085857289,0.1907877828285426,0.22006856681889744,0.02928078399035483,0.014640391995177526,False
0.065,8.0,4.131956425233661,94.14794169510064,0.3979066266830134,0.4172599742127222,0.1654800515745558,0.20418674663397335,0.03870669505941754,0.019353347529708798,False
0.065,9.0,4.032333454211372,91.95968259272159,0.4068046812029647,0.43004284582873,0.1399143083425401,0.1863906375940708,0.046476329251530696,0.02323816462576528,False
0.065,10.0,3.9357457908363465,89.79938130353318,0.4162289043007228,0.4427196551097121,0.11456068978057592,0.1675421913985544,0.052981501617978474,0.026490750808989327,False
0.065,11.0,3.8434360390325226,87.71203741219317,0.4259329524506309,0.4551548595099519,0.08969028098009646,0.1481340950987381,0.058443814118641635,0.029221907059320984,False
0.065,12.0,3.755989015239358,85.72082924738345,0.43573341393257553,0.4672708722894917,0.06545825542101653,0.1285331721348491,0.06307491671383257,0.03153745835691618,False
0.065,13.0,3.6735898879682,83.8359187162493,0.4455102826889502,0.47902511578663864,0.04194976842672261,0.10897943462209957,0.06702966619537695,0.033514833097688435,False
0.065,14.0,3.596187846898686,82.05979356633384,0.45518438133009526,0.49039671017830966,0.019206579643380947,0.08963123733980959,0.07042465769642864,0.0352123288482144,False
0.065,15.0,3.523598296574398,80.39051177153729,0.46470350076167655,0.5013784437580157,0.002756887516031189,0.07059299847664681,0.06783611096061562,0.03667494299633911,True
0.065,16.0,3.455566032056877,78.82367485220723,0.4740336188501212,0.5119717763272723,0.007910663177434735,0.0519327622997577,0.044022099122322966,0.037938157477151124,True
0.07,4.0,4.682264498005289,105.1295645200223,0.3585055850186362,0.3648271630175863,0.27034567396482756,0.2829888299627275,0.012643155997899946,0.0063215779989500565,False
0.07,5.0,4.5928769873359006,103.93200639692053,0.3642515515309754,0.3682193949450427,0.2635612101099148,0.2714968969380493,0.007935686828134503,0.003967843414067307,False
0.07,6.0,4.485400892772901,101.92870694885781,0.36896550611225565,0.3803658125478813,0.23926837490423758,0.2620689877754887,0.022800612871251125,0.011400306435625673,False
0.07,7.0,4.370165027345187,99.5404869650888,0.3765236120173036,0.39356422906790606,0.21287154186418772,0.2469527759653929,0.03408123410120517,0.017040617050602447,False
0.07,8.0,4.253868458115691,97.01481355210805,0.38561102244546974,0.40712543018783887,0.18574913962432202,0.2287779551090604,0.043028815484738386,0.021514407742369124,False
0.07,9.0,4.1404291261935375,94.4909599890886,0.3954416264548251,0.42068078074151044,0.15863843851697934,0.20911674709034994,0.0504783085733706,0.025239154286685328,False
0.07,10.0,4.031949365697765,92.04409176026563,0.4056941770301538,0.434025924230555,0.13194815153888992,0.18861164593969226,0.056663494400802344,0.028331747200401214,False
0.07,11.0,3.929420955758942,89.71213412711316,0.4161149302074725,0.4470467352585458,0.10590652948290845,0.16777013958505502,0.06186361010214657,0.030931805051073347,False
0.07,12.0,3.833180745891592,87.51160601285211,0.4265430987493874,0.4596811468310361,0.08063770633792788,0.14691380250122524,0.06627609616329735,0.03313804808164872,False
0.07,13.0,3.743191594486706,85.44687062461331,0.43687541594400253,0.47189818202294304,0.056203635954114164,0.1262491681119949,0.07004553215788074,0.035022766078940504,False
0.07,14.0,3.6592119912579686,83.5155403392648,0.44704534323237993,0.4836858579721391,0.032628284055721796,0.10590931353524033,0.07328102947951853,0.036640514739759156,False
0.07,15.0,3.580897219007125,81.71164011837473,0.45701039756115397,0.4950439353825785,0.009912129234843168,0.08597920487769219,0.07606707564284902,0.038033537821424546,False
0.07,16.0,3.5078589734196193,80.02745788149156,0.4667441732330297,0.5059794397105829,0.0031168849733541064,0.06651165353394062,0.06339476856058651,0.03923526647755321,True
0.075,4.0,4.871754704574745,109.68005269707987,0.3451469672258717,0.34807497004683424,0.3038500599063313,0.3097060655482565,0.005856005641925233,0.002928002820962561,False
0.075,5.0,4.761009371577895,107.94368843639143,0.34964453109455845,0.3563940773318394,0.28721184533632127,0.3007109378108833,0.013499092474562047,0.006749546237280968,False
0.075,6.0,4.633022954928095,105.42809258685307,0.3559788262880962,0.3697271363957202,0.2605457272085598,0.2880423474238076,0.02749662021524779,0.013748310107624007,False
0.075,7.0,4.499473985539223,102.58823857791367,0.36481293976294515,0.38388441774577625,0.23223116450844772,0.27037412047410975,0.03814295596566203,0.019071477982831098,False
0.075,8.0,4.367342930564745,99.67638759412607,0.37485548555686443,0.3982437334425425,0.20351253311491524,0.25028902888627125,0.04677649577135601,0.02338824788567806,False
0.075,9.0,4.240393098329448,96.82605674265687,0.3855347493669138,0.4124779111564018,0.17504417768719654,0.22893050126617254,0.05388632357897599,0.026943161789488024,False
0.075,10.0,4.120431823456094,94.10383335374038,0.39650971936959084,0.42640999409055325,0.14718001181889342,0.20698056126081826,0.05980054944192484,0.029900274720962405,False
0.075,11.0,4.0081388016771955,91.53915901117159,0.40755486901302895,0.43994488612730226,0.12011022774539554,0.18489026197394193,0.06478003422854639,0.032390017114273306,False
0.075,12.0,3.9035673642111677,89.14111437363665,0.4185296074514451,0.4530342635530973,0.09393147289380553,0.16294078509710982,0.0690093122033043,0.03450465610165221,False
0.075,13.0,3.8064381686236266,86.90785330428133,0.4293454803614774,0.46565739527957106,0.06868520944085774,0.1413090392770452,0.07262382983618745,0.03631191491809366,False
0.075,14.0,3.7163085112037475,84.83191499763714,0.43994706320791105,0.4778101405120595,0.04437971897588123,0.12010587358417789,0.07572615460829665,0.03786307730414845,False
0.075,15.0,3.632668634504871,82.90321518406328,0.450300387049872,0.48949839648296883,0.021003207034062603,0.09939922590025581,0.07839601886619321,0.039198009433096814,False
0.075,16.0,3.554995476935122,81.11072007979409,0.4603856919239034,0.5007340817680306,0.0014681635360612021,0.07922861615219341,0.07776045261613221,0.0403483898441272,True
0.08,4.0,5.055417384763229,114.08337542610263,0.33333333333333326,0.3333333333333335,0.33333333333333326,0.3333333333333335,2.220446049250313e-16,2.220446049250313e-16,False
0.08,5.0,4.921871430852789,111.77301516937669,0.33680661440507936,0.3459439532742228,0.3081120934515546,0.32638677118984105,0.01827467773828645,0.009137338869143419,False
0.08,6.0,4.7727668811370085,108.73251080676451,0.3445762345830328,0.3603294994112678,0.2793410011774645,0.3108475308339342,0.03150652965646966,0.01575326482823497,False
0.08,7.0,4.620829790953021,105.44153094402341,0.35449688281950636,0.3753358474595971,0.24932830508080572,0.2910062343609871,0.04167792928018138,0.020838964640090718,False
0.08,8.0,4.473089616654763,102.15088535528103,0.3654047971865244,0.39040118328556256,0.219197633428875,0.269190405626951,0.04999277219807602,0.024996386099038148,False
0.08,9.0,4.333007779821146,98.98467838335928,0.37682944026618465,0.40523551368337835,0.1895289726332434,0.24634111946763065,0.05681214683438726,0.0284060734171937,False
0.08,10.0,4.202009912673609,95.99888482550008,0.3884381736902217,0.4196863514074843,0.16062729718503144,0.22312365261955663,0.0624963554345252,0.03124817771726257,False
0.08,11.0,4.080414623041831,93.21337056119893,0.4000308183218943,0.43367553752442334,0.13264892495115346,0.19993836335621143,0.06728943840505797,0.03364471920252904,False
0.08,12.0,3.967965081350756,90.62921826624022,0.4114847568282221,0.44716694844494,0.10566610311012017,0.1770304863435558,0.07136438323343564,0.03568219161671787,False
0.08,13.0,3.864126086780523,88.23810940070868,0.42272463160925183,0.460148930515492,0.07970213896901614,0.15455073678149636,0.07484859781248022,0.03742429890624016,False
0.08,14.0,3.7682475227289336,86.0274101776045,0.4337048001240371,0.47262428084895663,0.05475143830208699,0.13259039975192574,0.07783896144983876,0.03891948072491952,False
0.08,15.0,3.679652566847169,83.98291529786698,0.44439876318355875,0.48460432036882256,0.030791359262354847,0.11120247363288249,0.08041111437052764,0.04020555718526381,False
0.08,16.0,3.5976836813550532,82.09030304720186,0.45479257848553717,0.4961052896121119,0.00778942077577607,0.09041484302892558,0.0826254222531495,0.04131271112657475,False
0.085,4.0,5.233163667470032,118.33725580265833,0.3202755847370995,0.3228229421181836,0.35435411576363285,0.35944883052580123,0.005094714762168384,0.002547357381084081,False
0.085,5.0,5.075654573469626,115.42557319020504,0.3254546713432751,0.33665071433372407,0.326698571332552,0.34909065731344974,0.022392085980897758,0.011196042990448962,False
0.085,6.0,4.905051053399898,111.85325456199594,0.33449832041034866,0.3519739359786574,0.29605212804268555,0.33100335917930246,0.03495123113661691,0.017475615568308733,False
0.085,7.0,4.73480338587125,108.11520907114453,0.3453446603533958,0.3677358734744414,0.2645282530511174,0.30931067929320855,0.04478242624209117,0.02239121312104564,False
0.085,8.0,4.571769705069737,104.45508926107698,0.35704279698718233,0.3834291275807903,0.23314174483841954,0.28591440602563517,0.05277266118721563,0.026386330593607954,False
0.085,9.0,4.418979669378439,100.98445271426695,0.3691254886849812,0.3987970813306875,0.20240583733862516,0.26174902263003774,0.05934318529141258,0.02967159264570629,False
0.085,10.0,4.277405152781738,97.74701800333979,0.3812934090153727,0.4137091384566077,0.1725817230867846,0.23741318196925476,0.06483145888247016,0.032415729441235,False
0.085,11.0,4.146965374205313,94.75225088207767,0.3933690821341699,0.4281022508533167,0.1437954982933667,0.2132618357316604,0.0694663374382937,0.034733168719146834,False
0.085,12.0,4.027074083656747,91.99285289810692,0.4052458753944373,0.44195115723797446,0.11609768552405096,0.1895082492111255,0.07341056368707453,0.03670528184353716,False
0.085,13.0,3.9169315177796085,89.45388439038128,0.4168600222546046,0.4552522743365261,0.0894954513269477,0.1662799554907909,0.07678450416384319,0.038392252081921485,False
0.085,14.0,3.8156771987929607,87.11751192100822,0.4281745088392276,0.4680145615828242,0.06397087683435186,0.1436509823215448,0.07968010548719294,0.03984005274359659,False
0.085,15.0,3.7224673489222635,84.9654435586694,0.43916941025736916,0.4802541544952297,0.039491691009540746,0.12166117948526178,0.08216948847572103,0.041084744237860515,False
0.085,16.0,3.6365116091210097,82.98013211383075,0.44983589700767707,0.4919911290713238,0.016017741857352597,0.10032820598464584,0.08431046412729325,0.04215523206364674,False
0.09,4.0,5.40498009742223,122.44161493148734,0.3086507974260221,0.3134201342887388,0.3731597314225223,0.38269840514795567,0.009538673725433378,0.004769336862716744,False
0.09,5.0,5.222599720262833,118.90815274248348,0.3153592229119683,0.32833855956231134,0.3433228808753772,0.3692815541760635,0.025958673300686297,0.012979336650343065,False
0.09,6.0,5.030304486365908,114.80171004708313,0.3255367993611376,0.34450080224050433,0.3109983955189912,0.34892640127772473,0.03792800575873351,0.018964002879366726,False
0.09,7.0,4.841940554176148,110.62329375491365,0.3371972248006953,0.36093834619368825,0.2781233076126236,0.3256055503986094,0.047482242785985784,0.023741121392992948,False
0.09,8.0,4.663991361266986,106.60428920519159,0.34959711178698233,0.3771928962833478,0.24561420743330464,0.30080577642603523,0.05519156899273059,0.02759578449636546,False
0.09,9.0,4.498942403435439,102.8410644660216,0.3622637038903836,0.39303784836288913,0.21392430327422204,0.2754725922192329,0.06154828894501088,0.030774144472505538,False
0.09,10.0,4.347253011402518,99.36377888662386,0.3749277323142266,0.40836223358690465,0.183275532826191,0.25014453537154696,0.06686900254535597,0.03343450127267805,False
0.09,11.0,4.208413842632718,96.17089556586514,0.38743203946449645,0.42311652218362583,0.1537669556327484,0.22513592107100708,0.07136896543825869,0.035684482719129385,False
0.09,12.0,4.0814959882482515,93.24649233266499,0.39968422034888756,0.43728515528756323,0.12542968942487362,0.20063155930222487,0.07520186987735125,0.03760093493867567,False
0.09,13.0,3.9654303058867026,90.56894733296396,0.4116307878378004,0.45087175095821674,0.09825649808356675,0.1767384243243992,0.07848192624083246,0.03924096312041636,False
0.09,14.0,3.85914548247585,88.11525472097276,0.4232423619157556,0.46389076417058916,0.0722184716588218,0.15351527616848895,0.08129680450966716,0.04064840225483357,False
0.09,15.0,3.761632446031415,85.86310289645179,0.43450482516093086,0.4763626229652048,0.047274754069590356,0.13099034967813825,0.08371559560854788,0.041857797804273955,False
0.09,16.0,3.6719706248175874,83.79180074788721,0.4454138604765461,0.4883108228021693,0.023378354395661428,0.10917227904690786,0.08579392465124644,0.042896962325623234,False
0.095,4.0,5.570912931182406,126.39803413711367,0.29825169438087856,0.30496522392649067,0.3900695521470184,0.4034966112382429,0.013427059091224491,0.006713529545612107,False
0.095,5.0,5.362979117154527,122.2282471793843,0.3063331748536775,0.3208646092567117,0.3582707814865766,0.387333650292645,0.029062868806068398,0.014531434403034171,False
0.095,6.0,5.148953114199068,117.58902760527425,0.3174702744336903,0.33778073698148914,0.3244385260370218,0.36505945113261956,0.04062092509559778,0.020310462547798835,False
0.095,7.0,4.942754993832337,112.97884819431945,0.3299031183244991,0.35482510119570654,0.29034979760858703,0.3401937633510018,0.049843965742414786,0.02492198287120745,False
0.095,8.0,4.750309449806426,108.61232181078549,0.342928941215912,0.37158378993013014,0.25683242013973995,0.3141421175681759,0.057309697428435946,0.02865484871421814,False
0.095,9.0,4.573462073338739,104.56843102178374,0.3561161811148693,0.387857242112298,0.224285515775404,0.2877676377702614,0.06348212199485737,0.03174106099742868,False
0.095,10.0,4.412112576321252,100.8627646948983,0.3692226566686703,0.40355213062500195,0.1928957387499963,0.26155468666265946,0.06865894791266317,0.034329473956331624,False
0.095,11.0,4.265301542207273,97.4823625510329,0.38210940315540415,0.4186310549208901,0.16273789015821996,0.23578119368919184,0.07304330353097188,0.03652165176548594,False
0.095,12.0,4.131749018458665,94.4025469329871,0.3946967014393681,0.433087151537954,0.1338256969240923,0.21060659712126378,0.07678090019717149,0.03839045009858594,False
0.095,13.0,4.010114687180332,91.59501923872972,0.4069402048859219,0.44693048820653153,0.1061390235869371,0.1861195902281562,0.0799805666412191,0.03999028332060961,False
0.095,14.0,3.899117775307758,89.0316676590576,0.41881730996041167,0.4601804404411027,0.0796391191177948,0.16236538007917672,0.08272626096138193,0.04136313048069101,False
0.095,15.0,3.7975866871343538,86.68625032253169,0.43031904937981363,0.47286127963702107,0.05427744072595802,0.1393619012403728,0.08508446051441476,0.042542230257207436,False
0.095,16.0,3.7044738900729066,84.53502591702342,0.44142409601865945,0.4849995634545688,0.030000873090862374,0.11715180796268104,0.08715093487181867,0.04357546743590934,False
0.1,4.0,5.731054506502385,130.20932100954556,0.2889064094536669,0.29732684763657,0.40534630472686006,0.42218718109266623,0.016840876365806168,0.008420438182903112,False
0.1,5.0,5.49708267799016,125.3936933174592,0.29822303060915606,0.3141117336935347,0.3717765326129306,0.4035539387816877,0.03177740616875713,0.01588870308437862,False
0.1,6.0,5.261410864668187,120.22591952260116,0.310212862463868,0.3317079535394399,0.33658409292112057,0.3795742750722641,0.04299018215114353,0.021495091075571904,False
0.1,7.0,5.037725181744913,115.19393459665059,0.32333894167443056,0.34929968217870366,0.3014006356425928,0.35332211665113883,0.051921481008546044,0.025960740504273105,False
0.1,8.0,4.831227608778406,110.49165807969987,0.33692548279336776,0.3665131985329866,0.26697360293402694,0.3261490344132646,0.05917543147923765,0.029587715739618825,False
0.1,9.0,4.643043442863418,106.1788885619486,0.3505791434061989,0.3831733632760559,0.23365327344788822,0.2988417131876022,0.065188439739714,0.032594219869857,False
0.1,10.0,4.472475849499225,102.25587982634173,0.3640821531505077,0.3992027481587308,0.20159450368253862,0.2718356936989845,0.07024119001644591,0.03512059500822312,False
0.1,11.0,4.318100178892986,98.69797511562427,0.37731185908444353,0.41457486846959696,0.17085026306080606,0.24537628183111285,0.07452601877030679,0.03726300938515342,False
0.1,12.0,4.1782809264953595,95.4716961701585,0.39019987929770145,0.4292906799329761,0.14141864013404792,0.21960024140459722,0.0781816012705493,0.03909080063527465,False
0.1,13.0,4.051407125482738,92.54212302611585,0.4027100194420168,0.44336604790938505,0.11326790418123012,0.19457996111596634,0.08131205693473623,0.040656028467368266,False
0.1,14.0,3.9359912819595477,89.87613235901554,0.4148257127770329,0.4568247708296105,0.08635045834077923,0.17034857444593432,0.08399811610515509,0.04199905805257759,False
0.1,15.0,3.8307028220608013,87.44365635852239,0.4265298736070524,0.4696945754137894,0.06061084917242127,0.146940252785895,0.08632940361347374,0.04316470180673698,False
0.1,16.0,3.734370919264658,85.21800441338586,0.4378116165386669,0.4820047732998116,0.03599045340037687,0.12437676692266614,0.08838631352228926,0.044193156761144714,False
